"sid","cid","pid","county_name","precinct_id","county_fips","precinct_geo_id","precinct_name"
13,1,1,"ADAMS","1-A","31001","31001-11 1-A",""
13,1,2,"ADAMS","1-B","31001","31001-12 1-B",""
13,1,3,"ADAMS","1-C","31001","31001-13 1-C",""
13,1,4,"ADAMS","2-A","31001","31001-14 2-A",""
13,1,5,"ADAMS","2-B","31001","31001-15 2-B",""
13,1,6,"ADAMS","2-C","31001","31001-16 2-C",""
13,1,7,"ADAMS","2-D","31001","31001-17 2-D",""
13,1,8,"ADAMS","2-E","31001","31001-18 2-E",""
13,1,9,"ADAMS","3-A","31001","31001-19 3-A",""
13,1,10,"ADAMS","3-B","31001","31001-20 3-B",""
13,1,11,"ADAMS","3-C","31001","31001-21 3-C",""
13,1,12,"ADAMS","3-D","31001","31001-22 3-D",""
13,1,13,"ADAMS","3-E","31001","31001-23 3-E",""
13,1,14,"ADAMS","4-A","31001","31001-24 4-A",""
13,1,15,"ADAMS","4-B","31001","31001-25 4-B",""
13,1,16,"ADAMS","4-C","31001","31001-26 4-C",""
13,1,17,"ADAMS","4-D","31001","31001-27 4-D",""
13,1,18,"ADAMS","4-E","31001","31001-28 4-E",""
13,1,19,"ADAMS","Ayr","31001","31001-08 AYR",""
13,1,20,"ADAMS","Blaine","31001","31001-06 BLAINE",""
13,1,21,"ADAMS","Denver","31001","31001-05 DENVER",""
13,1,22,"ADAMS","Holstein","31001","31001-10 HOLSTEIN",""
13,1,23,"ADAMS","Juniata","31001","31001-04 JUNIATA",""
13,1,24,"ADAMS","Kenesaw","31001","31001-03 KENESAW",""
13,1,25,"ADAMS","New/Former Resident","31001","",""
13,1,26,"ADAMS","Pauline","31001","31001-07 PAULINE",""
13,1,27,"ADAMS","Roseland","31001","31001-09 ROSELAND",""
13,1,28,"ADAMS","Verona","31001","31001-02 VERONA",""
13,1,29,"ADAMS","WestBlue/Highland","31001","31001-01 WSTBL/HGH",""
13,2,30,"ANTELOPE","Brunswick Precinct","31003","31003-BRUNSWICK",""
13,2,31,"ANTELOPE","Clearwater Precinct","31003","31003-CLEARWATER",""
13,2,32,"ANTELOPE","Elgin 1st Ward","31003","31003-ELGIN 1ST WARD",""
13,2,33,"ANTELOPE","Elgin 2nd Ward","31003","31003-ELGIN 2ND WARD",""
13,2,34,"ANTELOPE","Elgin Precinct","31003","31003-ELGIN",""
13,2,35,"ANTELOPE","Neligh 1st Ward","31003","31003-NELIGH 1ST WARD",""
13,2,36,"ANTELOPE","Neligh 2nd Ward","31003","31003-NELIGH 2ND WARD",""
13,2,37,"ANTELOPE","Neligh Precinct","31003","31003-NELIGH",""
13,2,38,"ANTELOPE","New/Former Resident","31003","",""
13,2,39,"ANTELOPE","Oakdale Precinct","31003","31003-OAKDALE",""
13,2,40,"ANTELOPE","Orchard Precinct","31003","31003-ORCHARD",""
13,2,41,"ANTELOPE","Royal Precinct","31003","31003-ROYAL",""
13,2,42,"ANTELOPE","Tilden 1st Ward","31003","31003-TILDEN CITY",""
13,2,43,"ANTELOPE","Tilden Precinct","31003","31003-TILDEN",""
13,3,44,"ARTHUR","Arthur","31005","31005-ARTHUR",""
13,3,45,"ARTHUR","New/Former Resident","31005","",""
13,4,46,"BANNER","Long Springs","31007","31007-PRECINCT 1",""
13,4,47,"BANNER","New/Former Resident","31007","",""
13,5,48,"BLAINE","Blaine","31009","31009-BLAINE",""
13,5,49,"BLAINE","New/Former Resident","31009","",""
13,6,50,"BOONE","Beaver","31011","31011-BEAVER",""
13,6,51,"BOONE","Boone","31011","31011-BOONE",""
13,6,52,"BOONE","Cedar","31011","31011-CEDAR",""
13,6,53,"BOONE","Dublin-Bonanza","31011","31011-DUBLIN-BONANZA",""
13,6,54,"BOONE","New/Former Resident","31011","",""
13,6,55,"BOONE","North Branch-Shell Creek","31011","31011-NORTH BRANCH-SHELL CREEK",""
13,6,56,"BOONE","North Manchester","31011","31011-NORTH MANCHESTER",""
13,6,57,"BOONE","Oakland","31011","31011-OAKLAND",""
13,6,58,"BOONE","Southeast Manchester","31011","31011-SOUTHEAST MANCHESTER",""
13,6,59,"BOONE","Southwest Manchester","31011","31011-SOUTHWEST MANCHESTER",""
13,7,60,"BOX BUTTE","New/Former Resident","31013","",""
13,7,61,"BOX BUTTE","Precinct 1","31013","31013-ALLIANCE 001",""
13,7,62,"BOX BUTTE","Precinct 11","31013","31013-RURAL ALLIANCE 011",""
13,7,63,"BOX BUTTE","Precinct 12","31013","31013-RURAL ALLIANCE 012",""
13,7,64,"BOX BUTTE","Precinct 15","31013","31013-RURAL HEMINGFORD 015",""
13,7,65,"BOX BUTTE","Precinct 2","31013","31013-ALLIANCE 002",""
13,7,66,"BOX BUTTE","Precinct 3","31013","31013-ALLIANCE 003",""
13,7,67,"BOX BUTTE","Precinct 4","31013","31013-ALLIANCE 004",""
13,7,68,"BOX BUTTE","Precinct 5","31013","31013-ALLIANCE 005",""
13,7,69,"BOX BUTTE","Precinct 6","31013","31013-ALLIANCE 006",""
13,8,70,"BOYD","Butte Basin McCulley","31015","31015-BUTTE/BASIN/MCCULLEY",""
13,8,71,"BOYD","Lynch Bristow Mullen Bush","31015","31015-LYNCH/MULLEN/BUSH/BRISTOW",""
13,8,72,"BOYD","New/Former Resident","31015","",""
13,8,73,"BOYD","Spencer Morton","31015","31015-SPENCER/MORTON",""
13,9,74,"BROWN","Ainsworth Precinct","31017","31017-AINSWORTH",""
13,9,75,"BROWN","City of Ainsworth","31017","31017-CITY OF AINSWORTH",""
13,9,76,"BROWN","New/Former Resident","31017","",""
13,9,77,"BROWN","The Pines","31017","31017-PINES",""
13,10,78,"BUFFALO","New/Former Resident","31019","",""
13,10,79,"BUFFALO","Precinct 1","31019","31019-01 FIRST CHURCH OF GOD",""
13,10,80,"BUFFALO","Precinct 10","31019","31019-10 EXHIBIT HALL IN EXTENSION",""
13,10,81,"BUFFALO","Precinct 11","31019","31019-11 MEADOWLARK MANOR",""
13,10,82,"BUFFALO","Precinct 12","31019","31019-12 ACTIVITY CENTER/HARMON PRK",""
13,10,83,"BUFFALO","Precinct 13","31019","31019-13 PETERSON SR. CENTER",""
13,10,84,"BUFFALO","Precinct 14","31019","31019-14 AMERICAN LEGION",""
13,10,85,"BUFFALO","Precinct 15","31019","31019-15 MILLER COM. HALL",""
13,10,86,"BUFFALO","Precinct 16","31019","31019-16 PLEASANTON COM. CENTER",""
13,10,87,"BUFFALO","Precinct 17","31019","31019-17 CITY AUDITORIUM-RURAL",""
13,10,88,"BUFFALO","Precinct 18","31019","31019-18 CITY AUDITORIUM-RAV. CITY",""
13,10,89,"BUFFALO","Precinct 19","31019","31019-19 AMHERST COM. CENTER",""
13,10,90,"BUFFALO","Precinct 2","31019","31019-02 1ST PRESBYTERIAN CHURCH",""
13,10,91,"BUFFALO","Precinct 20","31019","31019-20  PRINCE OF PEACE",""
13,10,92,"BUFFALO","Precinct 21","31019","31019-21 COLONY ACRES COMM RM",""
13,10,93,"BUFFALO","Precinct 22","31019","31019-22 FAITH UNITED CHURCH-WARD I",""
13,10,94,"BUFFALO","Precinct 23","31019","31019-23 FAITH UNITED CHURCH-WARD II",""
13,10,95,"BUFFALO","Precinct 24","31019","31019-24 SHELTON MUNICIPAL BLDG",""
13,10,96,"BUFFALO","Precinct 25","31019","31019-25 ELM CREEK VILLAGE CENTER",""
13,10,97,"BUFFALO","Precinct 26","31019","31019-26 SPIRIT OF LIFE CHURCH",""
13,10,98,"BUFFALO","Precinct 27","31019","31019-27 CORNERSTONE BEREAN CHURCH",""
13,10,99,"BUFFALO","Precinct 28","31019","31019-28 RIVERDALE COM. CENTER",""
13,10,100,"BUFFALO","Precinct 29","31019","31019-29 EXTENSION BUILDING",""
13,10,101,"BUFFALO","Precinct 3","31019","31019-03 1ST UNITED METHODIST CHURCH",""
13,10,102,"BUFFALO","Precinct 4","31019","31019-04 GOOD SHEPHERD LUTHERAN",""
13,10,103,"BUFFALO","Precinct 5","31019","31019-05 EXHIBIT HALL IN EXTENSION",""
13,10,104,"BUFFALO","Precinct 6","31019","31019-06  FIRST BAPTIST CHURCH",""
13,10,105,"BUFFALO","Precinct 7","31019","31019-07 ACTIVITY CENTER/HARMON PARK",""
13,10,106,"BUFFALO","Precinct 8","31019","31019-08 ST JAMES CATHOLIC CHURCH",""
13,10,107,"BUFFALO","Precinct 9","31019","31019-09 1ST LUTHERAN CHURCH",""
13,11,108,"BURT","ARIZONA-RIVERSIDE","31021","31021-ARIZONA-RIVERSIDE",""
13,11,109,"BURT","BELL-OAK-PERSH","31021","31021-BELL-OAK-PERSH",""
13,11,110,"BURT","CRAIG","31021","31021-CRAIG",""
13,11,111,"BURT","DECATUR-QUINN","31021","31021-DECATUR-QUINN",""
13,11,112,"BURT","EVERETT-LOGAN","31021","31021-EVERETT-LOGAN",""
13,11,113,"BURT","LYONS CITY","31021","31021-LYONS CITY",""
13,11,114,"BURT","New/Former Resident","31021","",""
13,11,115,"BURT","OAKLAND I","31021","31021-OAKLAND I",""
13,11,116,"BURT","OAKLAND II","31021","31021-OAKLAND II",""
13,11,117,"BURT","SILVERCREEK-SUMMIT","31021","31021-SILVERCREEK-SUMMIT",""
13,11,118,"BURT","TEKAMAH I","31021","31021-TEKAMAH I",""
13,11,119,"BURT","TEKAMAH II","31021","31021-TEKAMAH II",""
13,12,120,"BUTLER","First Ward","31023","31023-018 FIRST WARD",""
13,12,121,"BUTLER","Franklin-Bone Creek","31023","31023-007 FRANKLIN-BONE CREEK",""
13,12,122,"BUTLER","Linwood-Skull Creek-Platte","31023","31023-001 LINWOOD-SKULL CREEK-PLATTE",""
13,12,123,"BUTLER","New/Former Resident","31023","",""
13,12,124,"BUTLER","Oak Creek-Center","31023","31023-009 OAK CREEK-CENTER",""
13,12,125,"BUTLER","Plum Creek-Richardson","31023","31023-015 PLUM CREEK-RICHARDSON",""
13,12,126,"BUTLER","Read-Ulysses","31023","31023-013 READ-ULYSSES",""
13,12,127,"BUTLER","Savannah-Alexis","31023","31023-003 SAVANNAH-ALEXIS",""
13,12,128,"BUTLER","Second Ward","31023","31023-019 SECOND WARD",""
13,12,129,"BUTLER","Summit-Reading","31023","31023-005 SUMMIT-READING",""
13,12,130,"BUTLER","Third Ward","31023","31023-020 THIRD WARD",""
13,12,131,"BUTLER","Union-Olive","31023","31023-011 UNION-OLIVE",""
13,13,132,"CASS","1st Ward - 1st Precinct","31025","31025-PCT 1 WARD 1-023",""
13,13,133,"CASS","1st Ward - 2nd Precinct","31025","31025-PCT 2 WARD 1-024",""
13,13,134,"CASS","2nd Ward - 1st Precinct","31025","31025-PCT 1 WARD 2-025",""
13,13,135,"CASS","2nd Ward - 2nd Precinct","31025","31025-PCT 2 WARD 2-026",""
13,13,136,"CASS","3rd Ward - 1st Precinct","31025","31025-PCT 1 WARD 3-027",""
13,13,137,"CASS","3rd Ward - 2nd Precinct","31025","31025-PCT 2 WARD 3-028",""
13,13,138,"CASS","4th Ward - 1st Precinct","31025","31025-PCT 1 WARD 4-029",""
13,13,139,"CASS","4th Ward - 2nd Precinct","31025","31025-PCT 2 WARD 4-030",""
13,13,140,"CASS","Avoca","31025","31025-AVOCA 011",""
13,13,141,"CASS","Buccaneer Bay","31025","31025-BUCCANEER BAY 007",""
13,13,142,"CASS","Center","31025","31025-CENTER 008",""
13,13,143,"CASS","East Louisville","31025","31025-EAST LOUISVILLE 009",""
13,13,144,"CASS","Eight Mile Grove","31025","31025-EIGHT MILE GROVE 013",""
13,13,145,"CASS","Liberty","31025","31025-LIBERTY 015",""
13,13,146,"CASS","McKelverly","31025","31025-MCKELVERLY 002",""
13,13,147,"CASS","Mount Pleasant","31025","31025-MOUNT PLEASANT 012",""
13,13,148,"CASS","Murdock","31025","31025-MURDOCK 005",""
13,13,149,"CASS","Nehawka","31025","31025-NEHAWKA 014",""
13,13,150,"CASS","New/Former Resident","31025","",""
13,13,151,"CASS","North Plattsmouth","31025","31025-NORTH PLATTSMOUTH 019",""
13,13,152,"CASS","North Rock Bluff","31025","31025-NORTH ROCK BLUFF 016",""
13,13,153,"CASS","Salt Creek","31025","31025-SALT CREEK 003",""
13,13,154,"CASS","South Bend","31025","31025-SOUTH BEND 006",""
13,13,155,"CASS","South Plattsmouth","31025","31025-SOUTH PLATTSMOUTH 020",""
13,13,156,"CASS","South Rock Bluff","31025","31025-SOUTH ROCK BLUFF 017",""
13,13,157,"CASS","Stove Creek","31025","31025-STOVE CREEK 004",""
13,13,158,"CASS","Tipton","31025","31025-TIPTON 001",""
13,13,159,"CASS","Weeping Water 1st Ward","31025","31025-WEEPING WATER-WARD 1-021",""
13,13,160,"CASS","Weeping Water 2nd Ward","31025","31025-WEEPING WATER-WARD 2-022",""
13,13,161,"CASS","West Louisville","31025","31025-WEST LOUISVILLE 010",""
13,13,162,"CASS","West Rock Bluff","31025","31025-WEST ROCK BLUFF 018",""
13,14,163,"CEDAR","New/Former Resident","31027","",""
13,14,164,"CEDAR","Precicnt 10 (17-18)","31027","31027-PCT 10 (17-18)",""
13,14,165,"CEDAR","Precicnt 13 (21)","31027","31027-PCT 13 (21)",""
13,14,166,"CEDAR","Precicnt 3 (4)","31027","31027-PCT 03 (4)",""
13,14,167,"CEDAR","Precicnt 4 (5-6-7)","31027","31027-PCT 04 (5-6-7)",""
13,14,168,"CEDAR","Precicnt 7 (9A)","31027","31027-PCT 07 (9A)",""
13,14,169,"CEDAR","Precinct 1 (1)","31027","31027-PCT 01 (1)",""
13,14,170,"CEDAR","Precinct 11 (19)","31027","31027-PCT 11 (19)",""
13,14,171,"CEDAR","Precinct 12 (20)","31027","31027-PCT 12 (20)",""
13,14,172,"CEDAR","Precinct 2 (2-3)","31027","31027-PCT 02 (2-3)",""
13,14,173,"CEDAR","Precinct 5 (13-14)","31027","31027-PCT 05 (13-14)",""
13,14,174,"CEDAR","Precinct 6 (8-9)","31027","31027-PCT 06 (8-9)",""
13,14,175,"CEDAR","Precinct 8 (10-11-12)","31027","31027-PCT 08 (10-11-12)",""
13,14,176,"CEDAR","Precinct 9 (15-16)","31027","31027-PCT 09 (15-16)",""
13,15,177,"CHASE","Champion/Lamar","31029","31029-CHAMPION/LAMAR",""
13,15,178,"CHASE","Imperial East","31029","31029-IMPERIAL EAST",""
13,15,179,"CHASE","Imperial Rural","31029","31029-IMPERIAL RURAL",""
13,15,180,"CHASE","Imperial West","31029","31029-IMPERIAL WEST",""
13,15,181,"CHASE","New/Former Resident","31029","",""
13,15,182,"CHASE","Wauneta","31029","31029-WAUNETA",""
13,16,183,"CHERRY","Barley","31031","31031-BARLEY",""
13,16,184,"CHERRY","Cleveland","31031","31031-CLEVELAND",""
13,16,185,"CHERRY","Cody","31031","31031-CODY",""
13,16,186,"CHERRY","Crookston","31031","31031-CROOKSTON",""
13,16,187,"CHERRY","Gillaspie","31031","31031-GILLASPIE",""
13,16,188,"CHERRY","Goose Creek","31031","31031-GOOSE CREEK",""
13,16,189,"CHERRY","Kennedy","31031","31031-KENNEDY",""
13,16,190,"CHERRY","Kilgore","31031","31031-KILGORE",""
13,16,191,"CHERRY","King","31031","31031-KING",""
13,16,192,"CHERRY","Lackey","31031","31031-LACKEY",""
13,16,193,"CHERRY","Loup","31031","31031-LOUP",""
13,16,194,"CHERRY","Merriman","31031","31031-MERRIMAN",""
13,16,195,"CHERRY","Mother Lake","31031","31031-MOTHER LAKE",""
13,16,196,"CHERRY","Nenzel","31031","31031-NENZEL",""
13,16,197,"CHERRY","New/Former Resident","31031","",""
13,16,198,"CHERRY","Russell","31031","",""
13,16,199,"CHERRY","Valentine East","31031","31031-VALENTINE EAST",""
13,16,200,"CHERRY","Valentine North","31031","31031-VALENTINE NORTH",""
13,16,201,"CHERRY","Valentine South","31031","31031-VALENTINE SOUTH",""
13,16,202,"CHERRY","Wells","31031","31031-WELLS",""
13,16,203,"CHERRY","Wood Lake","31031","31031-WOOD LAKE",""
13,17,204,"CHEYENNE","Gurley","31033","31033-GURLEY",""
13,17,205,"CHEYENNE","Lodgepole","31033","31033-LODGEPOLE",""
13,17,206,"CHEYENNE","New/Former Resident","31033","",""
13,17,207,"CHEYENNE","Potter","31033","31033-POTTER",""
13,17,208,"CHEYENNE","Sidney 1","31033","31033-SIDNEY 1",""
13,17,209,"CHEYENNE","Sidney 2","31033","31033-SIDNEY 2",""
13,17,210,"CHEYENNE","Sidney 3","31033","31033-SIDNEY 3",""
13,17,211,"CHEYENNE","Sidney 4","31033","31033-SIDNEY 4",""
13,17,212,"CHEYENNE","Sidney 5","31033","31033-SIDNEY 5",""
13,17,213,"CHEYENNE","Union Valley","31033","31033-UNION VALLEY",""
13,18,214,"CLAY","Clay Center City","31035","31035-CLAY CENTER CITY",""
13,18,215,"CLAY","Edgar Cons.","31035","31035-EDGAR CONS",""
13,18,216,"CLAY","Fairfield 1st","31035","31035-FAIRFIELD 1ST",""
13,18,217,"CLAY","Glenvil","31035","31035-GLENVIL",""
13,18,218,"CLAY","Harvard Cons.","31035","31035-HARVARD CONS",""
13,18,219,"CLAY","Inland Leicester","31035","31035-LEICESTER/INLAND",""
13,18,220,"CLAY","LLLM Cons.","31035","31035-LLLM",""
13,18,221,"CLAY","New/Former Resident","31035","",""
13,18,222,"CLAY","Spring Ranch FF 2nd","31035","31035-FAIRFIELD 2ND/SPRINGRANCH CONS",""
13,18,223,"CLAY","Sutton 1st","31035","31035-SUTTON 1ST",""
13,18,224,"CLAY","Sutton 2nd","31035","31035-SUTTON 2ND",""
13,18,225,"CLAY","Sutton Twps","31035","31035-SUTTON TWPS",""
13,19,226,"COLFAX","Clarkson 4","31037","31037-CLARKSON 4",""
13,19,227,"COLFAX","Howells 5","31037","31037-HOWELLS 5",""
13,19,228,"COLFAX","New/Former Resident","31037","",""
13,19,229,"COLFAX","Schuyler 1","31037","31037-SCHUYLER 1",""
13,19,230,"COLFAX","Schuyler 2","31037","31037-SCHUYLER 2",""
13,19,231,"COLFAX","Schuyler 3","31037","31037-SCHUYLER 3",""
13,20,232,"CUMING","BCN","31039","31039-BANC T/V/CLEVELAND/NELIGH",""
13,20,233,"CUMING","BGW","31039","31039-BLAINE/GRANT/WISNER",""
13,20,234,"CUMING","BL","31039","31039-BEEMER T/V/LOGAN TWP",""
13,20,235,"CUMING","New/Former Resident","31039","",""
13,20,236,"CUMING","SSGC","31039","31039-SHERMAN/STCHAR/GARFD/CUMING",""
13,20,237,"CUMING","SW4","31039","31039-SW4",""
13,20,238,"CUMING","WP1&3","31039","31039-WEST POINT WARD 1 & 3",""
13,20,239,"CUMING","WP2","31039","31039-WEST POINT WARD 2",""
13,21,240,"CUSTER","ANSELMO","00000","31041-ANSELMO",""
13,21,241,"CUSTER","ANSLEY/M/W","00000","31041-ANSLEY/M/W",""
13,21,242,"CUSTER","ARNOLD","00000","31041-ARNOLD RURAL",""
13,21,243,"CUSTER","BERWYN","00000","31041-BERWYN",""
13,21,244,"CUSTER","BROKEN BOW NORTH","00000","31041-BROKEN BOW NORTH",""
13,21,245,"CUSTER","BROKEN BOW NORTH RURAL","00000","31041-BROKEN BOW NORTH RURAL",""
13,21,246,"CUSTER","BROKEN BOW NORTHWEST","00000","31041-BROKEN BOW NORTHWEST",""
13,21,247,"CUSTER","BROKEN BOW SOUTH","00000","31041-BROKEN BOW SOUTH",""
13,21,248,"CUSTER","BROKEN BOW SOUTH RURAL","00000","31041-BROKEN BOW SOUTH RURAL",""
13,21,249,"CUSTER","BROKEN BOW SOUTHWEST","00000","31041-BROKEN BOW SOUTHWEST",""
13,21,250,"CUSTER","COMSTOCK/DG/SC","00000","31041-COMSTOCK/DG/SC",""
13,21,251,"CUSTER","CUSTER","00000","31041-CUSTER",""
13,21,252,"CUSTER","DELIGHT","00000","31041-DELIGHT",""
13,21,253,"CUSTER","EAST CUSTER","00000","31041-EAST CUSTER",""
13,21,254,"CUSTER","ELIM","00000","31041-ELIM",""
13,21,255,"CUSTER","GAR/LIL/MIL","00000","31041-GAR/LIL/MIL",""
13,21,256,"CUSTER","GRANT","00000","31041-GRANT",""
13,21,257,"CUSTER","LOUP","00000","31041-LOUP",""
13,21,258,"CUSTER","MASON CITY","31041","31041-MASON CITY",""
13,21,259,"CUSTER","MERNA COMMUNITY BLDG","00000","31041-MERNA COMMUNITY BLDG",""
13,21,260,"CUSTER","New/Former Resident","00000","",""
13,21,261,"CUSTER","RYNO","00000","31041-RYNO",""
13,21,262,"CUSTER","SARGENT RUR/C/WU","00000","31041-SARGENT RUR/C/WU",""
13,21,263,"CUSTER","SARGENT VILLAGE","00000","31041-SARGENT VILLAGE",""
13,21,264,"CUSTER","TRIUMPH","00000","31041-TRIUMPH",""
13,21,265,"CUSTER","WAYNE","00000","31041-WAYNE",""
13,21,266,"CUSTER","WOODRIVER","00000","31041-WOODRIVER",""
13,22,267,"DAKOTA","01 - SSC Ward 1","31043","31043-SOUTH SIOUX CITY WARD 1",""
13,22,268,"DAKOTA","02 - SSC Ward 2","31043","31043-SOUTH SIOUX CITY WARD 2",""
13,22,269,"DAKOTA","03 - SSC Ward 3","31043","31043-SOUTH SIOUX CITY WARD 3",""
13,22,270,"DAKOTA","04 - SSC Ward 4A","31043","31043-SOUTH SIOUX CITY WARD 4A",""
13,22,271,"DAKOTA","05 - SSC Ward 4AA","31043","31043-SOUTH SIOUX CITY WARD 4AA",""
13,22,272,"DAKOTA","06 - SSC Ward 4B","31043","31043-SOUTH SIOUX CITY WARD 4B",""
13,22,273,"DAKOTA","07 - Covington Island","31043","31043-COVINGTON ISLAND",""
13,22,274,"DAKOTA","08 - Dakota City","31043","31043-DAKOTA CITY",""
13,22,275,"DAKOTA","09 - Dakota Rural","31043","31043-DAKOTA RURAL",""
13,22,276,"DAKOTA","10 - Emerson","31043","31043-EMERSON",""
13,22,277,"DAKOTA","11 - Hubbard","31043","31043-HUBBARD",""
13,22,278,"DAKOTA","12 - Omadi","31043","31043-OMADI",""
13,22,279,"DAKOTA","13 - St. Johns","31043","31043-ST JOHNS",""
13,22,280,"DAKOTA","New/Former Resident","31043","",""
13,23,281,"DAWES","New/Former Resident","31045","",""
13,23,282,"DAWES","Precinct 1","31045","31045-01",""
13,23,283,"DAWES","Precinct 10","31045","31045-10",""
13,23,284,"DAWES","Precinct 11","31045","31045-11",""
13,23,285,"DAWES","Precinct 2","31045","31045-02",""
13,23,286,"DAWES","Precinct 3","31045","31045-03",""
13,23,287,"DAWES","Precinct 4","31045","31045-04",""
13,23,288,"DAWES","Precinct 5","31045","31045-05",""
13,23,289,"DAWES","Precinct 6","31045","31045-06",""
13,23,290,"DAWES","Precinct 7","31045","31045-07",""
13,23,291,"DAWES","Precinct 8","31045","31045-08",""
13,23,292,"DAWES","Precinct 9","31045","31045-09",""
13,24,293,"DAWSON","Coyote","31047","31047-COYOTE 001",""
13,24,294,"DAWSON","Cozad East","31047","31047-COZAD EAST 002",""
13,24,295,"DAWSON","Cozad West","31047","31047-COZAD WEST 003",""
13,24,296,"DAWSON","Fairview","31047","31047-FAIRVIEW 004",""
13,24,297,"DAWSON","Farnam","31047","31047-FARNAM 005",""
13,24,298,"DAWSON","German","31047","31047-GERMAN 006",""
13,24,299,"DAWSON","Gillan","31047","31047-GILLAN 007",""
13,24,300,"DAWSON","Gothenburg East","31047","31047-GOTH EAST 008",""
13,24,301,"DAWSON","Gothenburg West","31047","31047-GOTH WEST 009",""
13,24,302,"DAWSON","Grant","31047","31047-GRANT 010",""
13,24,303,"DAWSON","Kennebec","31047","31047-KENNEBEC 011",""
13,24,304,"DAWSON","Lexington 1st","31047","31047-LEX 1ST 012",""
13,24,305,"DAWSON","Lexington 2nd","31047","31047-LEX 2ND 013",""
13,24,306,"DAWSON","Lexington 3rd","31047","31047-LEX 3RD 014",""
13,24,307,"DAWSON","Lexington 4th","31047","31047-LEX 4TH 015",""
13,24,308,"DAWSON","Lexington 5th","31047","31047-LEX 5TH 016",""
13,24,309,"DAWSON","New/Former Resident","31047","",""
13,24,310,"DAWSON","Overton","31047","31047-OVERTON 017",""
13,24,311,"DAWSON","Platte","31047","31047-PLATTE 018",""
13,24,312,"DAWSON","Ringgold","31047","31047-RINGGOLD 019",""
13,24,313,"DAWSON","Woodriver","31047","31047-WOODRIVER 021",""
13,25,314,"DEUEL","Big Springs","31049","31049-BIG SPRINGS",""
13,25,315,"DEUEL","Chappell","31049","31049-CHAPPELL",""
13,25,316,"DEUEL","New/Former Resident","31049","",""
13,25,317,"DEUEL","Swan","31049","31049-SWAN",""
13,26,318,"DIXON","Concord-Dixon-Clark","31051","31051-CONCORD/DIXON/CLARK",""
13,26,319,"DIXON","Daily-Hooker-Newcastle","31051","31051-DAILY/HOOKER/NEWCASTLE",""
13,26,320,"DIXON","Emerson","31051","31051-EMERSON",""
13,26,321,"DIXON","Galena-Silvercreek","31051","31051-GALENA/SILVERCREEK",""
13,26,322,"DIXON","Logan-Wakefield 3","31051","31051-WAKEFIELD 3/LOGAN",""
13,26,323,"DIXON","Logan-Wakefield 3 (CG1)","31051","31051-LOGAN-WAKEFIELD 3",""
13,26,324,"DIXON","New/Former Resident 1","31051","",""
13,26,325,"DIXON","New/Former Resident 2","31051","",""
13,26,326,"DIXON","Ottercreek","31051","31051-OTTERCREEK",""
13,26,327,"DIXON","Ponca 1","31051","31051-PONCA 1",""
13,26,328,"DIXON","Ponca 2","31051","31051-PONCA 2",""
13,26,329,"DIXON","Ponca Township","31051","31051-PONCA TOWNSHIP",""
13,26,330,"DIXON","Springbank","31051","31051-SPRINGBANK",""
13,26,331,"DIXON","Wakefield 1","31051","31051-WAKEFIELD 1",""
13,26,332,"DIXON","Wakefield 2","31051","31051-WAKEFIELD 2",""
13,27,333,"DODGE","City of Hooper","31053","31053-HOOPER CITY 029",""
13,27,334,"DODGE","City of North Bend","31053","31053-NORTH BEND CITY 021",""
13,27,335,"DODGE","City of Scribner","31053","31053-SCRIBNER CITY 022",""
13,27,336,"DODGE","Cuming/Everett Townships","31053","31053-CUMING/EVERETT TWPS 023",""
13,27,337,"DODGE","Elkhorn Township","31053","31053-ELKHORN TOWNSHIP 031",""
13,27,338,"DODGE","Fremont 1A","31053","31053-FREMONT 1A 001",""
13,27,339,"DODGE","Fremont 1B","31053","31053-FREMONT 1B 002",""
13,27,340,"DODGE","Fremont 1C","31053","31053-FREMONT 1C 003",""
13,27,341,"DODGE","Fremont 1D","31053","31053-FREMONT 1D 004",""
13,27,342,"DODGE","Fremont 1E","31053","31053-FREMONT 1E 005",""
13,27,343,"DODGE","Fremont 2A","31053","31053-FREMONT 2A 006",""
13,27,344,"DODGE","Fremont 2B","31053","31053-FREMONT 2B 007",""
13,27,345,"DODGE","Fremont 2C","31053","31053-FREMONT 2C 008",""
13,27,346,"DODGE","Fremont 2D","31053","31053-FREMONT 2D 009",""
13,27,347,"DODGE","Fremont 2E","31053","31053-FREMONT 2E 010",""
13,27,348,"DODGE","Fremont 3A","31053","31053-FREMONT 3A 011",""
13,27,349,"DODGE","Fremont 3B","31053","31053-FREMONT 3B 012",""
13,27,350,"DODGE","Fremont 3C","31053","31053-FREMONT 3C 013",""
13,27,351,"DODGE","Fremont 3D","31053","31053-FREMONT 3D 014",""
13,27,352,"DODGE","Fremont 3E","31053","31053-FREMONT 3E 015",""
13,27,353,"DODGE","Fremont 4A","31053","31053-FREMONT 4A 016",""
13,27,354,"DODGE","Fremont 4B","31053","31053-FREMONT 4B 017",""
13,27,355,"DODGE","Fremont 4C","31053","31053-FREMONT 4C 018",""
13,27,356,"DODGE","Fremont 4D","31053","31053-FREMONT 4D 019",""
13,27,357,"DODGE","Fremont 4E","31053","31053-FREMONT 4E 020",""
13,27,358,"DODGE","Hooper/Logan Townships","31053","31053-LOGAN/HOOPER TWPS 030",""
13,27,359,"DODGE","New/Former Resident","31053","",""
13,27,360,"DODGE","Nickerson/Maple Townships","31053","31053-NICKERSON/MAPLE TWPS 028",""
13,27,361,"DODGE","Pebble Township","31053","31053-PEBBLE TWP 025",""
13,27,362,"DODGE","Platte East","31053","31053-PLATTE EAST TWP 026",""
13,27,363,"DODGE","Platte West","31053","31053-PLATTE WEST TWP 027",""
13,27,364,"DODGE","Union/Cott/Ridg/PV Townships","31053","31053-UN/CT/RG/PV TWPS 032",""
13,27,365,"DODGE","Webster Township","31053","31053-WEBSTER TWP 024",""
13,28,366,"DOUGLAS","01-02","31055","31055-WARD 01 PCT 02",""
13,28,367,"DOUGLAS","01-03","31055","31055-WARD 01 PCT 03",""
13,28,368,"DOUGLAS","01-04","31055","31055-WARD 01 PCT 04",""
13,28,369,"DOUGLAS","01-05","31055","31055-WARD 01 PCT 05",""
13,28,370,"DOUGLAS","01-07","31055","31055-WARD 01 PCT 07",""
13,28,371,"DOUGLAS","01-08","31055","31055-WARD 01 PCT 08",""
13,28,372,"DOUGLAS","01-09","31055","31055-WARD 01 PCT 09",""
13,28,373,"DOUGLAS","01-10","31055","31055-WARD 01 PCT 10",""
13,28,374,"DOUGLAS","01-11","31055","31055-WARD 01 PCT 11",""
13,28,375,"DOUGLAS","01-12","31055","31055-WARD 01 PCT 12",""
13,28,376,"DOUGLAS","01-13","31055","31055-WARD 01 PCT 13",""
13,28,377,"DOUGLAS","01-14","31055","31055-WARD 01 PCT 14",""
13,28,378,"DOUGLAS","01-15","31055","31055-WARD 01 PCT 15",""
13,28,379,"DOUGLAS","01-16","31055","31055-WARD 01 PCT 16",""
13,28,380,"DOUGLAS","01-17","31055","31055-WARD 01 PCT 17",""
13,28,381,"DOUGLAS","01-18","31055","31055-WARD 01 PCT 18",""
13,28,382,"DOUGLAS","01-19","31055","31055-WARD 01 PCT 19",""
13,28,383,"DOUGLAS","01-20","31055","31055-WARD 01 PCT 20",""
13,28,384,"DOUGLAS","01-21","31055","31055-WARD 01 PCT 21",""
13,28,385,"DOUGLAS","01-22","31055","31055-WARD 01 PCT 22",""
13,28,386,"DOUGLAS","01-23","31055","31055-WARD 01 PCT 23",""
13,28,387,"DOUGLAS","01-24","31055","31055-WARD 01 PCT 24",""
13,28,388,"DOUGLAS","01-25","31055","31055-WARD 01 PCT 25",""
13,28,389,"DOUGLAS","01-26","31055","31055-WARD 01 PCT 26",""
13,28,390,"DOUGLAS","01-27","31055","31055-WARD 01 PCT 27",""
13,28,391,"DOUGLAS","01-28","31055","31055-WARD 01 PCT 28",""
13,28,392,"DOUGLAS","01-29","31055","31055-WARD 01 PCT 29",""
13,28,393,"DOUGLAS","01-30","31055","31055-WARD 01 PCT 30",""
13,28,394,"DOUGLAS","01-31","31055","31055-WARD 01 PCT 31",""
13,28,395,"DOUGLAS","02-01","31055","31055-WARD 02 PCT 01",""
13,28,396,"DOUGLAS","02-02","31055","31055-WARD 02 PCT 02",""
13,28,397,"DOUGLAS","02-03","31055","31055-WARD 02 PCT 03",""
13,28,398,"DOUGLAS","02-04","31055","31055-WARD 02 PCT 04",""
13,28,399,"DOUGLAS","02-05","31055","31055-WARD 02 PCT 05",""
13,28,400,"DOUGLAS","02-06","31055","31055-WARD 02 PCT 06",""
13,28,401,"DOUGLAS","02-07","31055","31055-WARD 02 PCT 07",""
13,28,402,"DOUGLAS","02-08","31055","31055-WARD 02 PCT 08",""
13,28,403,"DOUGLAS","02-09","31055","31055-WARD 02 PCT 09",""
13,28,404,"DOUGLAS","02-10","31055","31055-WARD 02 PCT 10",""
13,28,405,"DOUGLAS","02-11","31055","31055-WARD 02 PCT 11",""
13,28,406,"DOUGLAS","02-12","31055","31055-WARD 02 PCT 12",""
13,28,407,"DOUGLAS","02-13","31055","31055-WARD 02 PCT 13",""
13,28,408,"DOUGLAS","02-14","31055","31055-WARD 02 PCT 14",""
13,28,409,"DOUGLAS","02-15","31055","31055-WARD 02 PCT 15",""
13,28,410,"DOUGLAS","02-16","31055","31055-WARD 02 PCT 16",""
13,28,411,"DOUGLAS","02-17","31055","31055-WARD 02 PCT 17",""
13,28,412,"DOUGLAS","02-18","31055","31055-WARD 02 PCT 18",""
13,28,413,"DOUGLAS","02-19","31055","31055-WARD 02 PCT 19",""
13,28,414,"DOUGLAS","02-20","31055","31055-WARD 02 PCT 20",""
13,28,415,"DOUGLAS","02-21","31055","31055-WARD 02 PCT 21",""
13,28,416,"DOUGLAS","02-22","31055","31055-WARD 02 PCT 22",""
13,28,417,"DOUGLAS","02-23","31055","31055-WARD 02 PCT 23",""
13,28,418,"DOUGLAS","02-24","31055","31055-WARD 02 PCT 24",""
13,28,419,"DOUGLAS","02-25","31055","31055-WARD 02 PCT 25",""
13,28,420,"DOUGLAS","03-02","31055","31055-WARD 03 PCT 02",""
13,28,421,"DOUGLAS","03-03","31055","31055-WARD 03 PCT 03",""
13,28,422,"DOUGLAS","03-04","31055","31055-WARD 03 PCT 04",""
13,28,423,"DOUGLAS","03-05","31055","31055-WARD 03 PCT 05",""
13,28,424,"DOUGLAS","03-06","31055","31055-WARD 03 PCT 06",""
13,28,425,"DOUGLAS","03-07","31055","31055-WARD 03 PCT 07",""
13,28,426,"DOUGLAS","03-08","31055","31055-WARD 03 PCT 08",""
13,28,427,"DOUGLAS","03-09","31055","31055-WARD 03 PCT 09",""
13,28,428,"DOUGLAS","03-10","31055","31055-WARD 03 PCT 10",""
13,28,429,"DOUGLAS","03-11","31055","31055-WARD 03 PCT 11",""
13,28,430,"DOUGLAS","03-12","31055","31055-WARD 03 PCT 12",""
13,28,431,"DOUGLAS","03-13","31055","31055-WARD 03 PCT 13",""
13,28,432,"DOUGLAS","03-14","31055","31055-WARD 03 PCT 14",""
13,28,433,"DOUGLAS","03-15","31055","31055-WARD 03 PCT 15",""
13,28,434,"DOUGLAS","03-16","31055","31055-WARD 03 PCT 16",""
13,28,435,"DOUGLAS","03-17","31055","31055-WARD 03 PCT 17",""
13,28,436,"DOUGLAS","03-18","31055","31055-WARD 03 PCT 18",""
13,28,437,"DOUGLAS","03-19","31055","31055-WARD 03 PCT 19",""
13,28,438,"DOUGLAS","03-20","31055","31055-WARD 03 PCT 20",""
13,28,439,"DOUGLAS","03-21","31055","31055-WARD 03 PCT 21",""
13,28,440,"DOUGLAS","03-22","31055","31055-WARD 03 PCT 22",""
13,28,441,"DOUGLAS","03-23","31055","31055-WARD 03 PCT 23",""
13,28,442,"DOUGLAS","03-24","31055","31055-WARD 03 PCT 24",""
13,28,443,"DOUGLAS","03-25","31055","31055-WARD 03 PCT 25",""
13,28,444,"DOUGLAS","03-26","31055","31055-WARD 03 PCT 26",""
13,28,445,"DOUGLAS","04-01","31055","31055-WARD 04 PCT 01",""
13,28,446,"DOUGLAS","04-02","31055","31055-WARD 04 PCT 02",""
13,28,447,"DOUGLAS","04-03","31055","31055-WARD 04 PCT 03",""
13,28,448,"DOUGLAS","04-04","31055","31055-WARD 04 PCT 04",""
13,28,449,"DOUGLAS","04-05","31055","31055-WARD 04 PCT 05",""
13,28,450,"DOUGLAS","04-06","31055","31055-WARD 04 PCT 06",""
13,28,451,"DOUGLAS","04-07","31055","31055-WARD 04 PCT 07",""
13,28,452,"DOUGLAS","04-08","31055","31055-WARD 04 PCT 08",""
13,28,453,"DOUGLAS","04-09","31055","31055-WARD 04 PCT 09",""
13,28,454,"DOUGLAS","04-10","31055","31055-WARD 04 PCT 10",""
13,28,455,"DOUGLAS","04-11","31055","31055-WARD 04 PCT 11",""
13,28,456,"DOUGLAS","04-12","31055","31055-WARD 04 PCT 12",""
13,28,457,"DOUGLAS","04-13","31055","31055-WARD 04 PCT 13",""
13,28,458,"DOUGLAS","04-14","31055","31055-WARD 04 PCT 14",""
13,28,459,"DOUGLAS","04-15","31055","31055-WARD 04 PCT 15",""
13,28,460,"DOUGLAS","04-16","31055","31055-WARD 04 PCT 16",""
13,28,461,"DOUGLAS","04-17","31055","31055-WARD 04 PCT 17",""
13,28,462,"DOUGLAS","04-18","31055","31055-WARD 04 PCT 18",""
13,28,463,"DOUGLAS","04-19","31055","31055-WARD 04 PCT 19",""
13,28,464,"DOUGLAS","04-20","31055","31055-WARD 04 PCT 20",""
13,28,465,"DOUGLAS","04-21","31055","31055-WARD 04 PCT 21",""
13,28,466,"DOUGLAS","05-01","31055","31055-WARD 05 PCT 01",""
13,28,467,"DOUGLAS","05-02","31055","31055-WARD 05 PCT 02",""
13,28,468,"DOUGLAS","05-03","31055","31055-WARD 05 PCT 03",""
13,28,469,"DOUGLAS","05-05","31055","31055-WARD 05 PCT 05",""
13,28,470,"DOUGLAS","05-06","31055","31055-WARD 05 PCT 06",""
13,28,471,"DOUGLAS","05-07","31055","31055-WARD 05 PCT 07",""
13,28,472,"DOUGLAS","05-09","31055","31055-WARD 05 PCT 09",""
13,28,473,"DOUGLAS","05-10","31055","31055-WARD 05 PCT 10",""
13,28,474,"DOUGLAS","05-11","31055","31055-WARD 05 PCT 11",""
13,28,475,"DOUGLAS","05-12","31055","31055-WARD 05 PCT 12",""
13,28,476,"DOUGLAS","05-13","31055","31055-WARD 05 PCT 13",""
13,28,477,"DOUGLAS","05-14","31055","31055-WARD 05 PCT 14",""
13,28,478,"DOUGLAS","05-15","31055","31055-WARD 05 PCT 15",""
13,28,479,"DOUGLAS","05-16","31055","31055-WARD 05 PCT 16",""
13,28,480,"DOUGLAS","05-17","31055","31055-WARD 05 PCT 17",""
13,28,481,"DOUGLAS","05-18","31055","31055-WARD 05 PCT 18",""
13,28,482,"DOUGLAS","05-19","31055","31055-WARD 05 PCT 19",""
13,28,483,"DOUGLAS","05-23","31055","31055-WARD 05 PCT 23",""
13,28,484,"DOUGLAS","05-24","31055","31055-WARD 05 PCT 24",""
13,28,485,"DOUGLAS","05-25","31055","31055-WARD 05 PCT 25",""
13,28,486,"DOUGLAS","05-26","31055","31055-WARD 05 PCT 26",""
13,28,487,"DOUGLAS","05-27","31055","31055-WARD 05 PCT 27",""
13,28,488,"DOUGLAS","05-28","31055","31055-WARD 05 PCT 28",""
13,28,489,"DOUGLAS","05-30","31055","31055-WARD 05 PCT 30",""
13,28,490,"DOUGLAS","05-31","31055","31055-WARD 05 PCT 31",""
13,28,491,"DOUGLAS","05-32","31055","31055-WARD 05 PCT 32",""
13,28,492,"DOUGLAS","05-33","31055","31055-WARD 05 PCT 33",""
13,28,493,"DOUGLAS","05-34","31055","31055-WARD 05 PCT 34",""
13,28,494,"DOUGLAS","05-35","31055","31055-WARD 05 PCT 35",""
13,28,495,"DOUGLAS","05-36","31055","31055-WARD 05 PCT 36",""
13,28,496,"DOUGLAS","06-02","31055","31055-WARD 06 PCT 02",""
13,28,497,"DOUGLAS","06-03","31055","31055-WARD 06 PCT 03",""
13,28,498,"DOUGLAS","06-04","31055","31055-WARD 06 PCT 04",""
13,28,499,"DOUGLAS","06-07","31055","31055-WARD 06 PCT 07",""
13,28,500,"DOUGLAS","06-08","31055","31055-WARD 06 PCT 08",""
13,28,501,"DOUGLAS","06-09","31055","31055-WARD 06 PCT 09",""
13,28,502,"DOUGLAS","06-10","31055","31055-WARD 06 PCT 10",""
13,28,503,"DOUGLAS","06-11","31055","31055-WARD 06 PCT 11",""
13,28,504,"DOUGLAS","06-12","31055","31055-WARD 06 PCT 12",""
13,28,505,"DOUGLAS","06-13","31055","31055-WARD 06 PCT 13",""
13,28,506,"DOUGLAS","06-14","31055","31055-WARD 06 PCT 14",""
13,28,507,"DOUGLAS","06-15","31055","31055-WARD 06 PCT 15",""
13,28,508,"DOUGLAS","06-16","31055","31055-WARD 06 PCT 16",""
13,28,509,"DOUGLAS","06-17","31055","31055-WARD 06 PCT 17",""
13,28,510,"DOUGLAS","06-18","31055","31055-WARD 06 PCT 18",""
13,28,511,"DOUGLAS","06-19","31055","31055-WARD 06 PCT 19",""
13,28,512,"DOUGLAS","06-20","31055","31055-WARD 06 PCT 20",""
13,28,513,"DOUGLAS","06-21","31055","31055-WARD 06 PCT 21",""
13,28,514,"DOUGLAS","06-22","31055","31055-WARD 06 PCT 22",""
13,28,515,"DOUGLAS","06-23","31055","31055-WARD 06 PCT 23",""
13,28,516,"DOUGLAS","06-24","31055","31055-WARD 06 PCT 24",""
13,28,517,"DOUGLAS","06-25","31055","31055-WARD 06 PCT 25",""
13,28,518,"DOUGLAS","06-26","31055","31055-WARD 06 PCT 26",""
13,28,519,"DOUGLAS","06-27","31055","31055-WARD 06 PCT 27",""
13,28,520,"DOUGLAS","06-28","31055","31055-WARD 06 PCT 28",""
13,28,521,"DOUGLAS","06-29","31055","31055-WARD 06 PCT 29",""
13,28,522,"DOUGLAS","06-30","31055","31055-WARD 06 PCT 30",""
13,28,523,"DOUGLAS","06-31","31055","31055-WARD 06 PCT 31",""
13,28,524,"DOUGLAS","06-32","31055","31055-WARD 06 PCT 32",""
13,28,525,"DOUGLAS","06-33","31055","31055-WARD 06 PCT 33",""
13,28,526,"DOUGLAS","06-34","31055","31055-WARD 06 PCT 34",""
13,28,527,"DOUGLAS","06-35","31055","31055-WARD 06 PCT 35",""
13,28,528,"DOUGLAS","06-36","31055","31055-WARD 06 PCT 36",""
13,28,529,"DOUGLAS","07-01","31055","31055-WARD 07 PCT 01",""
13,28,530,"DOUGLAS","07-02","31055","31055-WARD 07 PCT 02",""
13,28,531,"DOUGLAS","07-03","31055","31055-WARD 07 PCT 03",""
13,28,532,"DOUGLAS","07-04","31055","31055-WARD 07 PCT 04",""
13,28,533,"DOUGLAS","07-05","31055","31055-WARD 07 PCT 05",""
13,28,534,"DOUGLAS","07-09","31055","31055-WARD 07 PCT 09",""
13,28,535,"DOUGLAS","07-10","31055","31055-WARD 07 PCT 10",""
13,28,536,"DOUGLAS","07-11","31055","31055-WARD 07 PCT 11",""
13,28,537,"DOUGLAS","07-12","31055","31055-WARD 07 PCT 12",""
13,28,538,"DOUGLAS","07-13","31055","31055-WARD 07 PCT 13",""
13,28,539,"DOUGLAS","07-14","31055","31055-WARD 07 PCT 14",""
13,28,540,"DOUGLAS","07-15","31055","31055-WARD 07 PCT 15",""
13,28,541,"DOUGLAS","07-16","31055","31055-WARD 07 PCT 16",""
13,28,542,"DOUGLAS","07-17","31055","31055-WARD 07 PCT 17",""
13,28,543,"DOUGLAS","07-18","31055","31055-WARD 07 PCT 18",""
13,28,544,"DOUGLAS","07-19","31055","31055-WARD 07 PCT 19",""
13,28,545,"DOUGLAS","07-20","31055","31055-WARD 07 PCT 20",""
13,28,546,"DOUGLAS","07-21","31055","31055-WARD 07 PCT 21",""
13,28,547,"DOUGLAS","07-24","31055","31055-WARD 07 PCT 24",""
13,28,548,"DOUGLAS","07-25","31055","31055-WARD 07 PCT 25",""
13,28,549,"DOUGLAS","07-26","31055","31055-WARD 07 PCT 26",""
13,28,550,"DOUGLAS","07-27","31055","31055-WARD 07 PCT 27",""
13,28,551,"DOUGLAS","07-28","31055","31055-WARD 07 PCT 28",""
13,28,552,"DOUGLAS","07-29","31055","31055-WARD 07 PCT 29",""
13,28,553,"DOUGLAS","07-30","31055","31055-WARD 07 PCT 30",""
13,28,554,"DOUGLAS","07-31","31055","31055-WARD 07 PCT 31",""
13,28,555,"DOUGLAS","07-32","31055","31055-WARD 07 PCT 32",""
13,28,556,"DOUGLAS","07-33","31055","31055-WARD 07 PCT 33",""
13,28,557,"DOUGLAS","07-34","31055","31055-WARD 07 PCT 34",""
13,28,558,"DOUGLAS","07-35","31055","31055-WARD 07 PCT 35",""
13,28,559,"DOUGLAS","08-01","31055","31055-WARD 08 PCT 01",""
13,28,560,"DOUGLAS","08-02","31055","31055-WARD 08 PCT 02",""
13,28,561,"DOUGLAS","08-03","31055","31055-WARD 08 PCT 03",""
13,28,562,"DOUGLAS","08-04","31055","31055-WARD 08 PCT 04",""
13,28,563,"DOUGLAS","08-05","31055","31055-WARD 08 PCT 05",""
13,28,564,"DOUGLAS","08-06","31055","31055-WARD 08 PCT 06",""
13,28,565,"DOUGLAS","08-07","31055","31055-WARD 08 PCT 07",""
13,28,566,"DOUGLAS","08-08","31055","31055-WARD 08 PCT 08",""
13,28,567,"DOUGLAS","08-09","31055","31055-WARD 08 PCT 09",""
13,28,568,"DOUGLAS","08-10","31055","31055-WARD 08 PCT 10",""
13,28,569,"DOUGLAS","08-11","31055","31055-WARD 08 PCT 11",""
13,28,570,"DOUGLAS","08-12","31055","31055-WARD 08 PCT 12",""
13,28,571,"DOUGLAS","08-13","31055","31055-WARD 08 PCT 13",""
13,28,572,"DOUGLAS","08-14","31055","31055-WARD 08 PCT 14",""
13,28,573,"DOUGLAS","08-15","31055","31055-WARD 08 PCT 15",""
13,28,574,"DOUGLAS","08-16","31055","31055-WARD 08 PCT 16",""
13,28,575,"DOUGLAS","08-17","31055","31055-WARD 08 PCT 17",""
13,28,576,"DOUGLAS","08-19","31055","31055-WARD 08 PCT 19",""
13,28,577,"DOUGLAS","08-20","31055","31055-WARD 08 PCT 20",""
13,28,578,"DOUGLAS","08-23","31055","31055-WARD 08 PCT 23",""
13,28,579,"DOUGLAS","08-24","31055","31055-WARD 08 PCT 24",""
13,28,580,"DOUGLAS","08-27","31055","31055-WARD 08 PCT 27",""
13,28,581,"DOUGLAS","08-39","31055","31055-WARD 08 PCT 39",""
13,28,582,"DOUGLAS","08-40","31055","31055-WARD 08 PCT 40",""
13,28,583,"DOUGLAS","08-41","31055","31055-WARD 08 PCT 41",""
13,28,584,"DOUGLAS","08-42","31055","31055-WARD 08 PCT 42",""
13,28,585,"DOUGLAS","08-43","31055","31055-WARD 08 PCT 43",""
13,28,586,"DOUGLAS","08-44","31055","31055-WARD 08 PCT 44",""
13,28,587,"DOUGLAS","08-45","31055","31055-WARD 08 PCT 45",""
13,28,588,"DOUGLAS","08-46","31055","31055-WARD 08 PCT 46",""
13,28,589,"DOUGLAS","08-47","31055","31055-WARD 08 PCT 47",""
13,28,590,"DOUGLAS","08-48","31055","31055-WARD 08 PCT 48",""
13,28,591,"DOUGLAS","08-49","31055","31055-WARD 08 PCT 49",""
13,28,592,"DOUGLAS","08-50","31055","31055-WARD 08 PCT 50",""
13,28,593,"DOUGLAS","08-51","31055","31055-WARD 08 PCT 51",""
13,28,594,"DOUGLAS","08-52","31055","31055-WARD 08 PCT 52",""
13,28,595,"DOUGLAS","08-53","31055","31055-WARD 08 PCT 53",""
13,28,596,"DOUGLAS","08-55","31055","31055-WARD 08 PCT 55",""
13,28,597,"DOUGLAS","08-56","31055","31055-WARD 08 PCT 56",""
13,28,598,"DOUGLAS","08-57","31055","31055-WARD 08 PCT 57",""
13,28,599,"DOUGLAS","08-58","31055","31055-WARD 08 PCT 58",""
13,28,600,"DOUGLAS","08-59","31055","31055-WARD 08 PCT 59",""
13,28,601,"DOUGLAS","08-60","31055","31055-WARD 08 PCT 60",""
13,28,602,"DOUGLAS","08-61","31055","31055-WARD 08 PCT 61",""
13,28,603,"DOUGLAS","New/Former Resident","31055","",""
13,29,604,"DUNDY","Benkelman I & Ough","31057","31057-BENKELMAN I/OUGH",""
13,29,605,"DUNDY","Benkelman II","31057","31057-BENKELMAN II",""
13,29,606,"DUNDY","Benkelman III","31057","31057-BENKELMAN III",""
13,29,607,"DUNDY","Haigler","31057","31057-HAIGLER",""
13,29,608,"DUNDY","New/Former Resident","31057","",""
13,30,609,"FILLMORE","Chelsea/Stanton/Belle Prairie","31059","31059-CHELSEA/STANTON/BELLE PRAIRIE",""
13,30,610,"FILLMORE","Exeter Township","31059","31059-EXETER TWP",""
13,30,611,"FILLMORE","Fairmont Township","31059","31059-FAIRMONT TWP",""
13,30,612,"FILLMORE","Liberty/Glengary/Franklin","31059","31059-LIBERTY/GLENGARY/FRANKLIN",""
13,30,613,"FILLMORE","Madison Township","31059","31059-MADISON TWP",""
13,30,614,"FILLMORE","Momence/Bryant/Hamilton","31059","31059-MOMENCE/BRYANT/HAMILTON",""
13,30,615,"FILLMORE","New/Former Resident","31059","",""
13,30,616,"FILLMORE","North Geneva","31059","31059-NORTH GENEVA",""
13,30,617,"FILLMORE","South Geneva & Geneva Township","31059","31059-GENEVA TOWNSHIP & SOUTH GENEVA",""
13,30,618,"FILLMORE","West Blue/Grafton/Bennett","31059","31059-WEST BLUE/GRAFTON/BENNETT",""
13,31,619,"FRANKLIN","Campbell","31061","31061-CAMPBELL",""
13,31,620,"FRANKLIN","East Franklin","31061","31061-EAST FRANKLIN",""
13,31,621,"FRANKLIN","Hildreth","31061","31061-HILDRETH",""
13,31,622,"FRANKLIN","New/Former Resident","31061","",""
13,31,623,"FRANKLIN","West Franklin","31061","31061-WEST FRANKLIN",""
13,32,624,"FRONTIER","Curtis","31063","31063-CURTIS",""
13,32,625,"FRONTIER","Eustis","31063","31063-EUSTIS",""
13,32,626,"FRONTIER","Garden Prairie","31063","31063-GARDEN PRAIRIE",""
13,32,627,"FRONTIER","Maywood","31063","31063-MAYWOOD",""
13,32,628,"FRONTIER","New/Former Resident","31063","",""
13,32,629,"FRONTIER","Stockville","31063","31063-STOCKVILLE/ORAFINO/MOOREFIELD",""
13,33,630,"FURNAS","Arapahoe","31065","31065-ARAPAHOE VILLAGE & RURAL",""
13,33,631,"FURNAS","Beaver City","31065","31065-BEAVER CITY & RURAL",""
13,33,632,"FURNAS","Cambridge","31065","31065-CAMBRIDGE & RURAL",""
13,33,633,"FURNAS","Edison","31065","31065-EDISON & RURAL",""
13,33,634,"FURNAS","Hendley","31065","31065-HENDLEY & RURAL",""
13,33,635,"FURNAS","Holbrook","31065","31065-HOLBROOK & RURAL",""
13,33,636,"FURNAS","New/Former Resident","31065","",""
13,33,637,"FURNAS","Oxford","31065","31065-OXFORD & RURAL",""
13,33,638,"FURNAS","Wilsonville","31065","31065-WILSONVILLE & RURAL",""
13,34,639,"GAGE","Adams Area","31067","31067-ADAMS TWP",""
13,34,640,"GAGE","Beatrice Ward 1","31067","31067-BEATRICE WARD 1",""
13,34,641,"GAGE","Beatrice Ward 2","31067","31067-BEATRICE WARD 2",""
13,34,642,"GAGE","Beatrice Ward 3","31067","31067-BEATRICE WARD 3",""
13,34,643,"GAGE","Beatrice Ward 4","31067","31067-BEATRICE WARD 4",""
13,34,644,"GAGE","Filley/Virginia Area","31067","31067-FILLEY/VIRGINIA AREA",""
13,34,645,"GAGE","Homestead Area","31067","31067-HOMESTEAD AREA",""
13,34,647,"GAGE","New/Former Resident","31067","",""
13,34,646,"GAGE","NW Quad Area","31067","31067-NW QUAD AREA",""
13,34,648,"GAGE","Odell Area","31067","31067-ODELL AREA",""
13,34,649,"GAGE","Wymore Area","31067","31067-WYMORE AREA",""
13,35,650,"GARDEN","Blue Creek","31069","31069-BLUE CREEK",""
13,35,651,"GARDEN","Lisco","31069","31069-LISCO",""
13,35,652,"GARDEN","Lost Creek","31069","31069-LOST CREEK",""
13,35,653,"GARDEN","New/Former Resident","31069","",""
13,35,654,"GARDEN","Oshkosh 1","31069","31069-OSHKOSH",""
13,36,655,"GARFIELD","New/Former Resident","31071","",""
13,36,656,"GARFIELD","Rural Garfield County","31071","31071-RURAL GARFIELD CNTY",""
13,36,657,"GARFIELD","Ward I City of Burwell","31071","31071-BURWELL I",""
13,36,658,"GARFIELD","Ward II City of Burwell","31071","31071-BURWELL II",""
13,37,659,"GOSPER","1","31073","31073-1",""
13,37,660,"GOSPER","2","31073","31073-2",""
13,37,661,"GOSPER","3","31073","31073-3",""
13,37,662,"GOSPER","4","31073","31073-4",""
13,37,663,"GOSPER","New/Former Resident","31073","",""
13,38,664,"GRANT","Grant County","31075","31075-GRANT CNTY",""
13,38,665,"GRANT","New/Former Resident","31075","",""
13,39,666,"GREELEY","Greeley","31077","31077-GREELEY",""
13,39,667,"GREELEY","New/Former Resident","31077","",""
13,39,668,"GREELEY","Scotia","31077","31077-SCOTIA",""
13,39,669,"GREELEY","Spalding","31077","31077-SPALDING",""
13,39,670,"GREELEY","Wolbach","31077","31077-WOLBACH",""
13,40,671,"HALL","Eight","31079","31079-08",""
13,40,672,"HALL","Eighteen","31079","31079-18",""
13,40,673,"HALL","Eleven","31079","31079-11",""
13,40,674,"HALL","Fifteen","31079","31079-15",""
13,40,675,"HALL","Five","31079","31079-05",""
13,40,676,"HALL","Four","31079","31079-04",""
13,40,677,"HALL","Fourteen","31079","31079-14",""
13,40,678,"HALL","New/Former Resident","31079","",""
13,40,679,"HALL","Nine","31079","31079-09",""
13,40,680,"HALL","Nineteen","31079","31079-19",""
13,40,681,"HALL","One","31079","31079-01",""
13,40,682,"HALL","Seven","31079","31079-07",""
13,40,683,"HALL","Seventeen","31079","31079-17",""
13,40,684,"HALL","Six","31079","31079-06",""
13,40,685,"HALL","Sixteen","31079","31079-16",""
13,40,686,"HALL","Ten","31079","31079-10",""
13,40,687,"HALL","Thirteen","31079","31079-13",""
13,40,688,"HALL","Three","31079","31079-03",""
13,40,689,"HALL","Twelve","31079","31079-12",""
13,40,690,"HALL","Twenty","31079","31079-20",""
13,40,691,"HALL","Twenty-five","31079","31079-25",""
13,40,692,"HALL","Twenty-four","31079","31079-24 DONIPHAN",""
13,40,693,"HALL","Twenty-one","31079","31079-21",""
13,40,694,"HALL","Twenty-six","31079","31079-26",""
13,40,695,"HALL","Twenty-three","31079","31079-23 ALDA",""
13,40,696,"HALL","Twenty-two","31079","31079-22 WOOD RIVER CITY",""
13,40,697,"HALL","Two","31079","31079-02",""
13,41,698,"HAMILTON","New/Former Resident","31081","",""
13,41,699,"HAMILTON","Precinct 1","31081","31081-01",""
13,41,700,"HAMILTON","Precinct 2","31081","31081-02",""
13,41,701,"HAMILTON","Precinct 3","31081","31081-03",""
13,41,702,"HAMILTON","Precinct 4","31081","31081-04",""
13,41,703,"HAMILTON","Precinct 5","31081","31081-05",""
13,41,704,"HAMILTON","Precinct 6","31081","31081-06",""
13,41,705,"HAMILTON","Precinct 7","31081","31081-07",""
13,41,706,"HAMILTON","Precinct 8","31081","31081-08",""
13,41,707,"HAMILTON","Ward 1","31081","31081-09",""
13,41,708,"HAMILTON","Ward 2","31081","31081-10",""
13,41,709,"HAMILTON","Ward 3","31081","31081-11",""
13,42,710,"HARLAN","Central Alma","31083","31083-CENTRAL ALMA",""
13,42,711,"HARLAN","East Alma","31083","31083-EAST ALMA",""
13,42,712,"HARLAN","Huntley-Ragan","31083","31083-HUN-RAG",""
13,42,713,"HARLAN","New/Former Resident","31083","",""
13,42,714,"HARLAN","Orleans","31083","31083-ORLEANS",""
13,42,715,"HARLAN","Oxford","31083","31083-OXFORD",""
13,42,716,"HARLAN","Republican City","31083","31083-REPCITY",""
13,42,717,"HARLAN","Stamford","31083","31083-STAMFORD",""
13,42,718,"HARLAN","West Alma","31083","31083-WEST ALMA",""
13,43,719,"HAYES","New/Former Resident","31085","",""
13,43,720,"HAYES","Precinct 1","31085","31085-1",""
13,43,721,"HAYES","Precinct 2","31085","31085-2",""
13,43,722,"HAYES","Precinct 3","31085","31085-3",""
13,44,723,"HITCHCOCK","Culbertson","31087","31087-CULBERTSON",""
13,44,724,"HITCHCOCK","New/Former Resident","31087","",""
13,44,725,"HITCHCOCK","Palisade","31087","31087-PALISADE",""
13,44,726,"HITCHCOCK","Stratton","31087","31087-STRATTON",""
13,44,727,"HITCHCOCK","Trenton","31087","31087-TRENTON",""
13,45,728,"HOLT","01 Antelope, Iowa & Verdigris","31089","31089-ANTELOPE IOWA/VERDIGRIS",""
13,45,729,"HOLT","02 Atkinson & Surrounding Twps","31089","31089-ATKINSON SURROUNDING TWPS",""
13,45,730,"HOLT","03 Chambers & Surrounding Twps","31089","31089-CHAMBERS/SURROUNDING TWPS",""
13,45,731,"HOLT","04 Emmet & Northeast Twps","31089","31089-EMMET/NORTHEAST",""
13,45,732,"HOLT","05 Ewing, Golden & Deloit","31089","31089-EWING/GOLDEN/DELOIT",""
13,45,733,"HOLT","06 Inman Twp","31089","31089-INMAN TWP",""
13,45,734,"HOLT","07 Stuart & Cleveland Twps","31089","31089-STUART/CLEVELAND",""
13,45,735,"HOLT","08 Grattan & Shields Twps","31089","31089-GRATTAN/SHIELDS",""
13,45,736,"HOLT","09 Atkinson Ward I","31089","31089-ATKINSON",""
13,45,737,"HOLT","10 O'Neill Ward I","31089","31089-GRATTAN-O'NEILL 1",""
13,45,738,"HOLT","11 O'Neill Ward II","31089","31089-GRATTAN-O'NEILL 2",""
13,45,739,"HOLT","12 O'Neill Ward III","31089","31089-GRATTAN-O'NEILL 3",""
13,45,740,"HOLT","13 O'Neill Ward IV","31089","31089-GRATTAN-O'NEILL 4",""
13,45,741,"HOLT","New/Former Resident","31089","",""
13,46,742,"HOOKER","New/Former Resident","31091","",""
13,46,743,"HOOKER","Precinct 1","31091","31091-HOOKER CNTY AT LARGE",""
13,47,744,"HOWARD","Dannebrog","31093","31093-DANNEBROG VILLAGE & RURAL",""
13,47,745,"HOWARD","Elba","31093","31093-ELBA VILLAGE & RURAL",""
13,47,746,"HOWARD","Loup Fork","31093","31093-BOELUS VILLAGE & RURAL",""
13,47,747,"HOWARD","New/Former Resident","31093","",""
13,47,748,"HOWARD","Posen","31093","31093-FARWELL VILLAGE & RURAL",""
13,47,749,"HOWARD","Spring Creek","31093","31093-CUSHING VILLAGE & RURAL",""
13,47,750,"HOWARD","St. Libory","31093","31093-ST LIBORY VILLAGE & RURAL",""
13,47,751,"HOWARD","St. Paul Ward I","31093","31093-ST PAUL 1",""
13,47,752,"HOWARD","St. Paul Ward II","31093","31093-ST PAUL 2",""
13,48,753,"JEFFERSON","Buckley-Antelope-Endicott","31095","31095-BUCKLEY/ANTELOPE/ENDICOTT",""
13,48,754,"JEFFERSON","Cub-Rock Creek","31095","31095-CUB CREEK/ROCK CREEK",""
13,48,755,"JEFFERSON","Eureka-Washington","31095","31095-EUREKA/WASHINGTON",""
13,48,756,"JEFFERSON","Jefferson-Pleasant-Newton","31095","31095-JEFFERSON/PLEASANT/NEWTON",""
13,48,757,"JEFFERSON","Lincoln-Meridian-Fairbury-Rich","31095","31095-LINCOLN/MERIDIAN/FAIRBURY/RICH",""
13,48,758,"JEFFERSON","New/Former Resident","31095","",""
13,48,759,"JEFFERSON","Plymouth-Gibson","31095","31095-PLYMOUTH/GIBSON",""
13,48,760,"JEFFERSON","Ward I","31095","31095-WARD 1",""
13,48,761,"JEFFERSON","Ward II","31095","31095-WARD 2",""
13,48,762,"JEFFERSON","Ward III","31095","31095-WARD 3",""
13,48,763,"JEFFERSON","Ward IV","31095","31095-WARD 4",""
13,49,764,"JOHNSON","Nemaha I","31097","31097-NEMAHA 1",""
13,49,765,"JOHNSON","Nemaha II","31097","31097-NEMAHA 2",""
13,49,766,"JOHNSON","New/Former Resident","31097","",""
13,49,767,"JOHNSON","Spring Creek","31097","31097-SPRING CREEK",""
13,49,768,"JOHNSON","Sterling","31097","31097-STERLING",""
13,49,769,"JOHNSON","Todd Creek","31097","31097-TODD CREEK",""
13,49,770,"JOHNSON","Western","31097","31097-WESTERN",""
13,50,771,"KEARNEY","Center","31099","31099-CENTER",""
13,50,772,"KEARNEY","Cosmo/Grant","31099","31099-COSMO/GRANT",""
13,50,773,"KEARNEY","Eaton","31099","31099-EATON",""
13,50,774,"KEARNEY","Liberty/Lincoln/May","31099","31099-LIBERTY/LINCOLN/MAY",""
13,50,775,"KEARNEY","Logan/Hayes/Sherman","31099","31099-LOGAN/HAYES/SHERMAN",""
13,50,776,"KEARNEY","Lowell","31099","31099-LOWELL",""
13,50,777,"KEARNEY","Mirage","31099","31099-MIRAGE",""
13,50,778,"KEARNEY","New/Former Resident","31099","",""
13,50,779,"KEARNEY","Newark/Blaine","31099","31099-NEWARK/BLAINE",""
13,50,780,"KEARNEY","North","31099","31099-NORTH",""
13,50,781,"KEARNEY","Oneida","31099","31099-ONEIDA",""
13,50,782,"KEARNEY","South","31099","31099-SOUTH",""
13,51,783,"KEITH","BRULE","31101","31101-BRULE",""
13,51,784,"KEITH","FIFTH WARD","31101","31101-WARD 5",""
13,51,785,"KEITH","FIRST WARD","31101","31101-WARD 1",""
13,51,786,"KEITH","FOURTH WARD","31101","31101-WARD 4",""
13,51,787,"KEITH","LOGAN","31101","31101-LOGAN",""
13,51,788,"KEITH","LONERGAN","31101","31101-LONERGAN",""
13,51,789,"KEITH","New/Former Resident","31101","",""
13,51,790,"KEITH","PAXTON","31101","31101-PAXTON",""
13,51,791,"KEITH","RURAL OGALLALA","31101","31101-OGALLALA RURAL",""
13,51,792,"KEITH","SECOND WARD","31101","31101-WARD 2",""
13,51,793,"KEITH","THIRD WARD","31101","31101-WARD 3",""
13,51,794,"KEITH","WHITETAIL","31101","31101-WHITETAIL",""
13,52,795,"KEYA PAHA","Custer","31103","31103-CUSTER",""
13,52,796,"KEYA PAHA","Garfield","31103","31103-GARFIELD",""
13,52,797,"KEYA PAHA","Mills","31103","31103-MILLS",""
13,52,798,"KEYA PAHA","New/Former Resident","31103","",""
13,53,799,"KIMBALL","1st Ward","31105","31105-WARD 1",""
13,53,800,"KIMBALL","2nd Ward","31105","31105-WARD 2",""
13,53,801,"KIMBALL","Antelope","31105","31105-ANTELOPE",""
13,53,802,"KIMBALL","Bushnell","31105","31105-BUSHNELL",""
13,53,803,"KIMBALL","Dix","31105","31105-DIX",""
13,53,804,"KIMBALL","New/Former Resident","31105","",""
13,54,805,"KNOX","Bloomfield Area","31107","31107-BLOOMFIELD AREA-BLF",""
13,54,806,"KNOX","Center Area","31107","31107-CENTER AREA-CTR",""
13,54,807,"KNOX","Creighton Area","31107","31107-CREIGHTON AREA-CRG",""
13,54,808,"KNOX","Crofton Area","31107","31107-CROFTON AREA-CFN",""
13,54,809,"KNOX","Lindy/Santee Area","31107","31107-LINDY/SANTEE AREA-LDS",""
13,54,810,"KNOX","New/Former Resident","31107","",""
13,54,811,"KNOX","Niobrara Area","31107","31107-NIOBRARA AREA-NIO",""
13,54,812,"KNOX","Verdigre Area","31107","31107-VERDIGRE AREA-VDG",""
13,54,813,"KNOX","Wausa Area","31107","31107-WAUSA AREA-WAU",""
13,55,814,"LANCASTER","1 A","31109","31109-01 A",""
13,55,815,"LANCASTER","1 A-1","31109","31109-01 A-01",""
13,55,816,"LANCASTER","1 B","31109","31109-01 B",""
13,55,817,"LANCASTER","1 D-1","31109","31109-01 D-01",""
13,55,818,"LANCASTER","1 D-10","31109","31109-01 D-10",""
13,55,819,"LANCASTER","1 D-2","31109","31109-01 D-02",""
13,55,820,"LANCASTER","1 D-4","31109","31109-01 D-04",""
13,55,821,"LANCASTER","1 D-5","31109","31109-01 D-05",""
13,55,822,"LANCASTER","1 D-6","31109","31109-01 D-06",""
13,55,823,"LANCASTER","1 D-7","31109","31109-01 D-07",""
13,55,824,"LANCASTER","1 D-8","31109","31109-01 D-08",""
13,55,825,"LANCASTER","1 D-9","31109","31109-01 D-09",""
13,55,826,"LANCASTER","1 E-2","31109","31109-01 E-02",""
13,55,827,"LANCASTER","1 E-3","31109","31109-01 E-03",""
13,55,828,"LANCASTER","1 E-4","31109","31109-01 E-04",""
13,55,829,"LANCASTER","1 E-5","31109","31109-01 E-05",""
13,55,830,"LANCASTER","1 E-6","31109","31109-01 E-06",""
13,55,831,"LANCASTER","1 E-7","31109","31109-01 E-07",""
13,55,832,"LANCASTER","1 E-8","31109","31109-01 E-08",""
13,55,833,"LANCASTER","1 E-9","31109","31109-01 E-09",""
13,55,834,"LANCASTER","1 F-1","31109","31109-01 F-01",""
13,55,835,"LANCASTER","1 F-2","31109","31109-01 F-02",""
13,55,836,"LANCASTER","1 F-3","31109","31109-01 F-03",""
13,55,837,"LANCASTER","10 A","31109","31109-10 A",""
13,55,838,"LANCASTER","10 B-1","31109","31109-10 B-01",""
13,55,839,"LANCASTER","10 B-2","31109","31109-10 B-02",""
13,55,840,"LANCASTER","10 B-4","31109","31109-10 B-04",""
13,55,841,"LANCASTER","10 B-5","31109","31109-10 B-05",""
13,55,842,"LANCASTER","10 C-12","31109","31109-10 C-12",""
13,55,843,"LANCASTER","10 C-4","31109","31109-10 C-04",""
13,55,844,"LANCASTER","10 C-5","31109","31109-10 C-05",""
13,55,845,"LANCASTER","10 C-6","31109","31109-10 C-06",""
13,55,846,"LANCASTER","10 C-7","31109","31109-10 C-07",""
13,55,847,"LANCASTER","10 C-8","31109","31109-10 C-08",""
13,55,848,"LANCASTER","10 D-1","31109","31109-10 D-01",""
13,55,849,"LANCASTER","10 D-2","31109","31109-10 D-02",""
13,55,850,"LANCASTER","10 D-3","31109","31109-10 D-03",""
13,55,851,"LANCASTER","10 D-4","31109","31109-10 D-04",""
13,55,852,"LANCASTER","10 D-8","31109","31109-10 D-08",""
13,55,853,"LANCASTER","10 E-1","31109","31109-10 E-01",""
13,55,854,"LANCASTER","10 E-10","31109","31109-10 E-10",""
13,55,855,"LANCASTER","10 E-11","31109","31109-10 E-11",""
13,55,856,"LANCASTER","10 E-12","31109","31109-10 E-12",""
13,55,857,"LANCASTER","10 E-14","31109","31109-10 E-14",""
13,55,858,"LANCASTER","10 E-15","31109","31109-10 E-15",""
13,55,859,"LANCASTER","10 E-16","31109","31109-10 E-16",""
13,55,860,"LANCASTER","10 E-17","31109","31109-10 E-17",""
13,55,861,"LANCASTER","10 E-4","31109","31109-10 E-04",""
13,55,862,"LANCASTER","10 E-5","31109","31109-10 E-05",""
13,55,863,"LANCASTER","10 E-7","31109","31109-10 E-07",""
13,55,864,"LANCASTER","10 E-8","31109","31109-10 E-08",""
13,55,865,"LANCASTER","10 F-1","31109","31109-10 F-01",""
13,55,866,"LANCASTER","10 F-10","31109","31109-10 F-10",""
13,55,867,"LANCASTER","10 F-11","31109","31109-10 F-11",""
13,55,868,"LANCASTER","10 F-12","31109","31109-10 F-12",""
13,55,869,"LANCASTER","10 F-14","31109","31109-10 F-14",""
13,55,870,"LANCASTER","10 F-15","31109","31109-10 F-15",""
13,55,871,"LANCASTER","10 F-16","31109","31109-10 F-16",""
13,55,872,"LANCASTER","10 F-2","31109","31109-10 F-02",""
13,55,873,"LANCASTER","10 F-3","31109","31109-10 F-03",""
13,55,874,"LANCASTER","10 F-4","31109","31109-10 F-04",""
13,55,875,"LANCASTER","10 F-5","31109","31109-10 F-05",""
13,55,876,"LANCASTER","10 F-6","31109","31109-10 F-06",""
13,55,877,"LANCASTER","10 F-7","31109","31109-10 F-07",""
13,55,878,"LANCASTER","10 G-1","31109","31109-10 G-01",""
13,55,879,"LANCASTER","10 G-2","31109","31109-10 G-02",""
13,55,880,"LANCASTER","10 G-3","31109","31109-10 G-03",""
13,55,881,"LANCASTER","10 G-4","31109","31109-10 G-04",""
13,55,882,"LANCASTER","10 G-5","31109","31109-10 G-05",""
13,55,883,"LANCASTER","10 G-6","31109","31109-10 G-06",""
13,55,884,"LANCASTER","10 G-7","31109","31109-10 G-07",""
13,55,885,"LANCASTER","10 H-1","31109","31109-10 H-01",""
13,55,886,"LANCASTER","10 H-2","31109","31109-10 H-02",""
13,55,887,"LANCASTER","10 H-3","31109","31109-10 H-03",""
13,55,888,"LANCASTER","10 H-4","31109","31109-10 H-04",""
13,55,889,"LANCASTER","10 H-5","31109","31109-10 H-05",""
13,55,890,"LANCASTER","10 H-6","31109","31109-10 H-06",""
13,55,891,"LANCASTER","10 H-7","31109","31109-10 H-07",""
13,55,892,"LANCASTER","10 H-8","31109","31109-10 H-08",""
13,55,893,"LANCASTER","11 A-1","31109","31109-11 A-01",""
13,55,894,"LANCASTER","11 A-2","31109","31109-11 A-02",""
13,55,895,"LANCASTER","11 B-1","31109","31109-11 B-01",""
13,55,896,"LANCASTER","11 D-2","31109","31109-11 D-02",""
13,55,897,"LANCASTER","11 E-1","31109","31109-11 E-01",""
13,55,898,"LANCASTER","11 E-10","31109","31109-11 E-10",""
13,55,899,"LANCASTER","11 E-3","31109","31109-11 E-03",""
13,55,900,"LANCASTER","11 E-5","31109","31109-11 E-05",""
13,55,901,"LANCASTER","11 E-6","31109","31109-11 E-06",""
13,55,902,"LANCASTER","11 E-7","31109","31109-11 E-07",""
13,55,903,"LANCASTER","12 A-10","31109","31109-12 A-10",""
13,55,904,"LANCASTER","12 A-4","31109","31109-12 A-04",""
13,55,905,"LANCASTER","12 A-5","31109","31109-12 A-05",""
13,55,906,"LANCASTER","12 A-7","31109","31109-12 A-07",""
13,55,907,"LANCASTER","12 A-8","31109","31109-12 A-08",""
13,55,908,"LANCASTER","12 A-9","31109","31109-12 A-09",""
13,55,909,"LANCASTER","12 B-1","31109","31109-12 B-01",""
13,55,910,"LANCASTER","12 B-2","31109","31109-12 B-02",""
13,55,911,"LANCASTER","12 B-4","31109","31109-12 B-04",""
13,55,912,"LANCASTER","12 B-6","31109","31109-12 B-06",""
13,55,913,"LANCASTER","12 B-7","31109","31109-12 B-07",""
13,55,914,"LANCASTER","12 B-8","31109","31109-12 B-08",""
13,55,915,"LANCASTER","12 C-2","31109","31109-12 C-02",""
13,55,916,"LANCASTER","12 C-6","31109","31109-12 C-06",""
13,55,917,"LANCASTER","12 C-7","31109","31109-12 C-07",""
13,55,918,"LANCASTER","12 D","31109","31109-12 D",""
13,55,919,"LANCASTER","12 F","31109","31109-12 F",""
13,55,920,"LANCASTER","12 G-1","31109","31109-12 G-01",""
13,55,921,"LANCASTER","12 G-2","31109","31109-12 G-02",""
13,55,922,"LANCASTER","2 A","31109","31109-02 A",""
13,55,923,"LANCASTER","2 C-1","31109","31109-02 C-01",""
13,55,924,"LANCASTER","2 C-2","31109","31109-02 C-02",""
13,55,925,"LANCASTER","2 C-3","31109","31109-02 C-03",""
13,55,926,"LANCASTER","2 D-1","31109","31109-02 D-01",""
13,55,927,"LANCASTER","2 D-2","31109","31109-02 D-02",""
13,55,928,"LANCASTER","2 D-3","31109","31109-02 D-03",""
13,55,929,"LANCASTER","2 D-5","31109","31109-02 D-05",""
13,55,930,"LANCASTER","3 A","31109","31109-03 A",""
13,55,931,"LANCASTER","3 D","31109","31109-03 D",""
13,55,932,"LANCASTER","4 A","31109","31109-04 A",""
13,55,933,"LANCASTER","5 B-1","31109","31109-05 B-01",""
13,55,934,"LANCASTER","5 C-1","31109","31109-05 C-01",""
13,55,935,"LANCASTER","5 C-3","31109","31109-05 C-03",""
13,55,936,"LANCASTER","5 E-3","31109","31109-05 E-03",""
13,55,937,"LANCASTER","5 E-4","31109","31109-05 E-04",""
13,55,938,"LANCASTER","5 E-5","31109","31109-05 E-05",""
13,55,939,"LANCASTER","5 E-6","31109","31109-05 E-06",""
13,55,940,"LANCASTER","5 E-7","31109","31109-05 E-07",""
13,55,941,"LANCASTER","5 E-8","31109","31109-05 E-08",""
13,55,942,"LANCASTER","5 E-9","31109","31109-05 E-09",""
13,55,943,"LANCASTER","6 A-1","31109","31109-06 A-01",""
13,55,944,"LANCASTER","6 D-2","31109","31109-06 D-02",""
13,55,945,"LANCASTER","6 E-1","31109","31109-06 E-01",""
13,55,946,"LANCASTER","6 E-2","31109","31109-06 E-02",""
13,55,947,"LANCASTER","6 F-1","31109","31109-06 F-01",""
13,55,948,"LANCASTER","7 A","31109","31109-07 A",""
13,55,949,"LANCASTER","7 D-2","31109","31109-07 D-02",""
13,55,950,"LANCASTER","8 A","31109","31109-08 A",""
13,55,951,"LANCASTER","8 C-2","31109","31109-08 C-02",""
13,55,952,"LANCASTER","9 A-1","31109","31109-09 A-01",""
13,55,953,"LANCASTER","9 B-1","31109","31109-09 B-01",""
13,55,954,"LANCASTER","9 C-1","31109","31109-09 C-01",""
13,55,955,"LANCASTER","9 D-1","31109","31109-09 D-01",""
13,55,956,"LANCASTER","9 E-1","31109","31109-09 E-01",""
13,55,957,"LANCASTER","9 E-2","31109","31109-09 E-02",""
13,55,958,"LANCASTER","9 E-4","31109","31109-09 E-04",""
13,55,959,"LANCASTER","9 E-5","31109","31109-09 E-05",""
13,55,960,"LANCASTER","9 F-1","31109","31109-09 F-01",""
13,55,961,"LANCASTER","9 F-10","31109","31109-09 F-10",""
13,55,962,"LANCASTER","9 F-11","31109","31109-09 F-11",""
13,55,963,"LANCASTER","9 F-2","31109","31109-09 F-02",""
13,55,964,"LANCASTER","9 F-3","31109","31109-09 F-03",""
13,55,965,"LANCASTER","9 F-4","31109","31109-09 F-04",""
13,55,966,"LANCASTER","9 F-5","31109","31109-09 F-05",""
13,55,967,"LANCASTER","9 F-9","31109","31109-09 F-09",""
13,55,968,"LANCASTER","9 G-1","31109","31109-09 G-01",""
13,55,969,"LANCASTER","9 G-2","31109","31109-09 G-02",""
13,55,970,"LANCASTER","9 G-3","31109","31109-09 G-03",""
13,55,971,"LANCASTER","9 G-4","31109","31109-09 G-04",""
13,55,972,"LANCASTER","9 G-5","31109","31109-09 G-05",""
13,55,973,"LANCASTER","9 G-6","31109","31109-09 G-06",""
13,55,974,"LANCASTER","9 G-7","31109","31109-09 G-07",""
13,55,975,"LANCASTER","9 G-8","31109","31109-09 G-08",""
13,55,976,"LANCASTER","9 G-9","31109","31109-09 G-09",""
13,55,977,"LANCASTER","9 H-1","31109","31109-09 H-01",""
13,55,978,"LANCASTER","9 H-2","31109","31109-09 H-02",""
13,55,979,"LANCASTER","9 H-3","31109","31109-09 H-03",""
13,55,980,"LANCASTER","9 H-4","31109","31109-09 H-04",""
13,55,981,"LANCASTER","9 H-5","31109","31109-09 H-05",""
13,55,982,"LANCASTER","9 H-6","31109","31109-09 H-06",""
13,55,983,"LANCASTER","9 H-7","31109","31109-09 H-07",""
13,55,984,"LANCASTER","9 H-8","31109","31109-09 H-08",""
13,55,985,"LANCASTER","Buda","31109","31109-BUDA",""
13,55,986,"LANCASTER","Centerville","31109","31109-CENTERVILLE",""
13,55,987,"LANCASTER","Denton","31109","31109-DENTON",""
13,55,988,"LANCASTER","Elk","31109","31109-ELK",""
13,55,989,"LANCASTER","Garfield #1","31109","31109-GARFIELD",""
13,55,990,"LANCASTER","Grant #1","31109","31109-GRANT 1",""
13,55,991,"LANCASTER","Grant #2","31109","31109-GRANT 2",""
13,55,992,"LANCASTER","Grant #3","31109","31109-GRANT 3",""
13,55,993,"LANCASTER","Grant #4","00000","",""
13,55,994,"LANCASTER","Hickman","31109","31109-HICKMAN",""
13,55,995,"LANCASTER","Middle Creek","31109","31109-MIDDLE CREEK",""
13,55,996,"LANCASTER","Murdock South","31109","31109-MURDOCK SOUTH",""
13,55,997,"LANCASTER","Nemaha","31109","31109-NEMAHA",""
13,55,998,"LANCASTER","New/Former Resident","31109","",""
13,55,999,"LANCASTER","North Bluff","31109","31109-NORTH BLUFF",""
13,55,1000,"LANCASTER","Oak","31109","31109-OAK",""
13,55,1001,"LANCASTER","Panama","31109","31109-PANAMA",""
13,55,1002,"LANCASTER","Rock Creek","31109","31109-ROCK CREEK",""
13,55,1003,"LANCASTER","Saltillo #1","31109","31109-SALTILLO 1",""
13,55,1004,"LANCASTER","Saltillo #2","31109","31109-SALTILLO 2",""
13,55,1005,"LANCASTER","South Pass","31109","31109-SOUTH PASS",""
13,55,1006,"LANCASTER","Stevens Creek","31109","31109-STEVENS CREEK",""
13,55,1007,"LANCASTER","Stockton","31109","31109-STOCKTON",""
13,55,1008,"LANCASTER","Waverly #2","31109","31109-WAVERLY 2",""
13,55,1009,"LANCASTER","Waverly North","31109","31109-WAVERLY NORTH",""
13,55,1010,"LANCASTER","Waverly South","31109","31109-WAVERLY SOUTH",""
13,55,1011,"LANCASTER","West Salt","31109","31109-WEST SALT",""
13,55,1012,"LANCASTER","Yankee Hill East","31109","31109-YANKEE HILL EAST",""
13,55,1013,"LANCASTER","Yankee Hill West","31109","31109-YANKEE HILL WEST",""
13,56,1014,"LINCOLN","Brady","31111","31111-BRADY",""
13,56,1015,"LINCOLN","Hall","31111","31111-HALL",""
13,56,1016,"LINCOLN","Hershey","31111","31111-HERSHEY",""
13,56,1017,"LINCOLN","Hinman","31111","31111-HINMAN",""
13,56,1018,"LINCOLN","Maxwell","31111","31111-MAXWELL",""
13,56,1019,"LINCOLN","Medicine","31111","31111-MEDICINE",""
13,56,1020,"LINCOLN","New/Former Resident","31111","",""
13,56,1021,"LINCOLN","Osgood","31111","31111-OSGOOD",""
13,56,1022,"LINCOLN","Precinct 1","31111","31111-NORTH PLATTE 01",""
13,56,1023,"LINCOLN","Precinct 10","31111","31111-NORTH PLATTE 10",""
13,56,1024,"LINCOLN","Precinct 12","31111","31111-NORTH PLATTE 12",""
13,56,1025,"LINCOLN","Precinct 13","31111","31111-NORTH PLATTE 13",""
13,56,1026,"LINCOLN","Precinct 15","31111","31111-NORTH PLATTE 15",""
13,56,1027,"LINCOLN","Precinct 16","31111","31111-NORTH PLATTE 16",""
13,56,1028,"LINCOLN","Precinct 2","31111","31111-NORTH PLATTE 02",""
13,56,1029,"LINCOLN","Precinct 3","31111","31111-NORTH PLATTE 03",""
13,56,1030,"LINCOLN","Precinct 4","31111","31111-NORTH PLATTE 04",""
13,56,1031,"LINCOLN","Precinct 5","31111","31111-NORTH PLATTE 05",""
13,56,1032,"LINCOLN","Precinct 6","31111","31111-NORTH PLATTE 06",""
13,56,1033,"LINCOLN","Precinct 7","31111","31111-NORTH PLATTE 07B",""
13,56,1034,"LINCOLN","Precinct 8","31111","31111-NORTH PLATTE 08",""
13,56,1035,"LINCOLN","Precinct 9","31111","31111-NORTH PLATTE 09",""
13,56,1036,"LINCOLN","Sellers","31111","31111-SELLERS",""
13,56,1037,"LINCOLN","Sutherland","31111","31111-SUTHERLAND",""
13,56,1038,"LINCOLN","Wallace","31111","31111-WALLACE",""
13,57,1039,"LOGAN","Logan County","31113","31113-LOGAN CNTY AT LARGE",""
13,57,1040,"LOGAN","New/Former Resident","31113","",""
13,58,1041,"LOUP","New/Former Resident","31115","",""
13,58,1042,"LOUP","Sawyer","31115","31115-SAWYER",""
13,59,1043,"MADISON","Battle Creek City-BC Pct","31119","31119-BATTLE CREEK CITY-BC",""
13,59,1044,"MADISON","Fairview-Kalamazoo-GG","31119","31119-FAIRVIEW/KALAMAZOO-GG",""
13,59,1046,"MADISON","Madison City","31119","31119-MADISON CITY",""
13,59,1045,"MADISON","MG-Jefferson-Grove-High","31119","31119-JEFFERSON/GROVE/HIGHLAND-MG",""
13,59,1047,"MADISON","New/Former Resident","31119","",""
13,59,1048,"MADISON","Norfolk 1-1","31119","31119-NORFOLK 1-1",""
13,59,1049,"MADISON","Norfolk 1-2","31119","31119-NORFOLK 1-2",""
13,59,1050,"MADISON","Norfolk 1-3","31119","31119-NORFOLK 1-3",""
13,59,1051,"MADISON","Norfolk 2-1","31119","31119-NORFOLK 2-1",""
13,59,1052,"MADISON","Norfolk 2-2","31119","31119-NORFOLK 2-2",""
13,59,1053,"MADISON","Norfolk 2-3","31119","31119-NORFOLK 2-3",""
13,59,1054,"MADISON","Norfolk 3-1","31119","31119-NORFOLK 3-1",""
13,59,1055,"MADISON","Norfolk 3-2","31119","31119-NORFOLK 3-2",""
13,59,1056,"MADISON","Norfolk 3-3","31119","31119-NORFOLK 3-3",""
13,59,1057,"MADISON","Norfolk 4-1","31119","31119-NORFOLK 4-1",""
13,59,1058,"MADISON","Norfolk 4-2","31119","31119-NORFOLK 4-2",""
13,59,1059,"MADISON","Norfolk 4-3","31119","31119-NORFOLK 4-3",""
13,59,1060,"MADISON","Norfolk Pct","31119","31119-NORFOLK RURAL",""
13,59,1061,"MADISON","School-Emerick-Shell Crk-NG","31119","31119-SCHOOL/EMERICK/SHELL CREEK-NG",""
13,59,1062,"MADISON","Tilden 2nd Ward","31119","31119-TILDEN WARD 2",""
13,59,1063,"MADISON","Union-Madison","31119","31119-UNION/MADISON",""
13,59,1064,"MADISON","Valley Pct","31119","31119-VALLEY",""
13,59,1065,"MADISON","Warnerville Pct","31119","31119-WARNERVILLE",""
13,60,1066,"MCPHERSON","New/Former Resident","31117","",""
13,60,1067,"MCPHERSON","Tryon 01","31117","31117-TRYON",""
13,61,1068,"MERRICK","Central","31121","31121-CENTRAL",""
13,61,1069,"MERRICK","Chapman","31121","31121-CHAPMAN",""
13,61,1070,"MERRICK","Clarksville East","31121","31121-CLARKSVILLE EAST",""
13,61,1071,"MERRICK","Clarksville West","31121","31121-CLARKSVILLE WEST",""
13,61,1072,"MERRICK","Lone Tree North","31121","31121-LONE TREE NORTH",""
13,61,1073,"MERRICK","Lone Tree South","31121","31121-LONE TREE SOUTH",""
13,61,1074,"MERRICK","Loup","31121","31121-LOUP",""
13,61,1075,"MERRICK","Mead","31121","31121-MEAD",""
13,61,1076,"MERRICK","Midland","31121","31121-MIDLAND",""
13,61,1077,"MERRICK","New/Former Resident","31121","",""
13,61,1078,"MERRICK","Prairie Creek","31121","31121-PRAIRIE CREEK",""
13,61,1079,"MERRICK","Prairie Island","31121","31121-PRAIRIE ISLAND",""
13,61,1080,"MERRICK","Silver Creek","31121","31121-SILVER CREEK",""
13,61,1081,"MERRICK","Vieregg","31121","31121-VIEREGG",""
13,61,1082,"MERRICK","Ward 1","31121","31121-WARD 1",""
13,61,1083,"MERRICK","Ward 2","31121","31121-WARD 2",""
13,62,1084,"MORRILL","BROADWATER","31123","31123-BROADWATER",""
13,62,1085,"MORRILL","EAST BAYARD","31123","31123-EAST BAYARD",""
13,62,1086,"MORRILL","EAST CAMP CLARKE","31123","31123-EAST CAMP CLARKE",""
13,62,1087,"MORRILL","GILCHRIST","31123","31123-GILCHRIST",""
13,62,1088,"MORRILL","HAYNES","31123","31123-HAYNES",""
13,62,1090,"MORRILL","New/Former Resident","31123","",""
13,62,1089,"MORRILL","NORTH CAMP CLARKE","31123","31123-NORTH CAMP CLARKE",""
13,62,1091,"MORRILL","REDINGTON","31123","31123-REDINGTON",""
13,62,1092,"MORRILL","WEST BAYARD","31123","31123-WEST BAYARD",""
13,62,1093,"MORRILL","WEST CAMP CLARKE","31123","31123-WEST CAMP CLARKE",""
13,63,1094,"NANCE","Beav,Genoa,Ccreek,Pcreek","31125","31125-BEAV/GENOA/CCREEK/PCREEK",""
13,63,1095,"NANCE","Cedar,Tcreek,Sbranch","31125","31125-CEDAR/TCREEK/SBRANCH",""
13,63,1096,"NANCE","Ctnwd,Lferry,Full,Wnew,Enew","31125","31125-CTNWD/LFERRY/FULL/WNEW/ENEW",""
13,63,1097,"NANCE","Fullerton","31125","31125-FULLERTON",""
13,63,1098,"NANCE","Genoa I","31125","31125-GENOA 1",""
13,63,1099,"NANCE","Genoa II","31125","31125-GENOA 2",""
13,63,1100,"NANCE","New/Former Resident","31125","",""
13,64,1101,"NEMAHA","1st Douglas - Glenrock","31127","31127-DOUGLAS 1-GLENROCK",""
13,64,1102,"NEMAHA","2nd Douglas","31127","31127-DOUGLAS 2",""
13,64,1103,"NEMAHA","3rd Douglas","31127","31127-DOUGLAS 3",""
13,64,1104,"NEMAHA","4th Douglas","31127","31127-DOUGLAS 4",""
13,64,1105,"NEMAHA","Brownville","31127","31127-BROWNVILLE",""
13,64,1106,"NEMAHA","Lafayette","31127","31127-LAFAYETTE",""
13,64,1107,"NEMAHA","Nemaha","31127","31127-NEMAHA",""
13,64,1108,"NEMAHA","New/Former Resident","31127","",""
13,64,1109,"NEMAHA","Peru","31127","31127-PERU",""
13,64,1110,"NEMAHA","Washington - Benton","31127","31127-WASHINGTON/BENTON",""
13,65,1111,"NUCKOLLS","Beaver 1","31129","31129-BEAVER 1",""
13,65,1112,"NUCKOLLS","Beaver 2","31129","31129-BEAVER 2",""
13,65,1113,"NUCKOLLS","Beaver 3","31129","31129-BEAVER 3",""
13,65,1114,"NUCKOLLS","Elk","31129","31129-ELK",""
13,65,1115,"NUCKOLLS","Hardy","31129","31129-HARDY",""
13,65,1116,"NUCKOLLS","Nelson","31129","31129-NELSON",""
13,65,1117,"NUCKOLLS","New/Former Resident","31129","",""
13,65,1118,"NUCKOLLS","Spring Creek","31129","31129-SPRING CREEK",""
13,65,1119,"NUCKOLLS","Victor","31129","31129-VICTOR",""
13,66,1120,"OTOE","Berlin","31131","31131-BERLIN",""
13,66,1121,"OTOE","Delaware","31131","31131-DELAWARE",""
13,66,1122,"OTOE","McWilliams","31131","31131-MCWILLIAMS",""
13,66,1123,"OTOE","NC11","31131","31131-NEBRASKA CITY 11",""
13,66,1124,"OTOE","NC12","31131","31131-NEBRASKA CITY 12",""
13,66,1125,"OTOE","NC13","31131","31131-NEBRASKA CITY 13",""
13,66,1126,"OTOE","NC14","31131","31131-NEBRASKA CITY 14",""
13,66,1127,"OTOE","NC15","31131","31131-NEBRASKA CITY 15",""
13,66,1128,"OTOE","NC16","31131","31131-NEBRASKA CITY 16",""
13,66,1129,"OTOE","New/Former Resident","31131","",""
13,66,1130,"OTOE","Palmyra","31131","31131-PALMYRA",""
13,66,1131,"OTOE","Russell","31131","31131-RUSSELL",""
13,66,1132,"OTOE","South Branch","31131","31131-SO BRANCH",""
13,66,1133,"OTOE","Syracuse","31131","31131-SYRACUSE",""
13,67,1134,"PAWNEE","Burchard","31133","31133-BURCHARD",""
13,67,1135,"PAWNEE","New/Former Resident","31133","",""
13,67,1136,"PAWNEE","Pawnee 1","31133","31133-PAWNEE 1",""
13,67,1137,"PAWNEE","Pawnee 2","31133","31133-PAWNEE 2",""
13,67,1138,"PAWNEE","Steinauer","31133","31133-STEINAUER",""
13,67,1139,"PAWNEE","Table Rock","31133","31133-TABLE ROCK",""
13,68,1140,"PERKINS","District 1","31135","31135-1",""
13,68,1141,"PERKINS","District 2","31135","31135-2",""
13,68,1142,"PERKINS","District 3","31135","31135-3",""
13,68,1143,"PERKINS","New/Former Resident","31135","",""
13,69,1144,"PHELPS","Bertrand","31137","31137-BERTRAND",""
13,69,1145,"PHELPS","Cottonwood-Anderson","31137","31137-COTTONWOOD/ANDERSON",""
13,69,1146,"PHELPS","Divide-Lake","31137","31137-DIVIDE-LAKE",""
13,69,1147,"PHELPS","Garfield-Union","31137","31137-GARFIELD UNION",""
13,69,1148,"PHELPS","Laird","31137","31137-LAIRD",""
13,69,1149,"PHELPS","New/Former Resident","31137","",""
13,69,1150,"PHELPS","Rockfalls-Industry","31137","31137-ROCKFALLS/INDUSTRY",""
13,69,1151,"PHELPS","Sheridan-Prairie","31137","31137-PRAIRIE-SHERIDAN",""
13,69,1152,"PHELPS","Ward 1","31137","31137-HOLDREGE 1",""
13,69,1153,"PHELPS","Ward 2","31137","31137-HOLDREGE 2",""
13,69,1154,"PHELPS","Ward 3","31137","31137-HOLDREGE 3",""
13,69,1155,"PHELPS","Ward 4","31137","31137-HOLDREGE 4",""
13,69,1156,"PHELPS","Westmark-Center","31137","31137-WESTMARK/CENTER",""
13,69,1157,"PHELPS","Williamsburg-Westside","31137","31137-WILLIAMSBURG/WESTSIDE",""
13,70,1158,"PIERCE","New/Former Resident","31139","",""
13,70,1159,"PIERCE","Osmond","31139","31139-OSMOND",""
13,70,1160,"PIERCE","Pierce","31139","31139-PIERCE",""
13,70,1161,"PIERCE","Pierce City","31139","31139-PIERCE CITY",""
13,70,1162,"PIERCE","Plainview","31139","31139-PLAINVIEW",""
13,70,1163,"PIERCE","South Branch","31139","31139-SOUTH BRANCH",""
13,71,1164,"PLATTE","1A","31141","31141-1A",""
13,71,1165,"PLATTE","1B","31141","31141-1B",""
13,71,1166,"PLATTE","1C","31141","31141-1C",""
13,71,1167,"PLATTE","1D","31141","31141-1D",""
13,71,1168,"PLATTE","2A","31141","31141-2A",""
13,71,1169,"PLATTE","2B","31141","31141-2B",""
13,71,1170,"PLATTE","2C","31141","31141-2C",""
13,71,1171,"PLATTE","2D","31141","31141-2D",""
13,71,1172,"PLATTE","3A","31141","31141-3A",""
13,71,1173,"PLATTE","3B","31141","31141-3B",""
13,71,1174,"PLATTE","3C","31141","31141-3C",""
13,71,1175,"PLATTE","3D","31141","31141-3D",""
13,71,1176,"PLATTE","4A","31141","31141-4A",""
13,71,1177,"PLATTE","4B","31141","31141-4B",""
13,71,1178,"PLATTE","4C","31141","31141-4C",""
13,71,1179,"PLATTE","4D","31141","31141-4D",""
13,71,1180,"PLATTE","Bismark","31141","31141-BISMARK",""
13,71,1181,"PLATTE","Butler/Loup","31141","31141-BUTLER/LOUP",""
13,71,1182,"PLATTE","Columbus Twp A","31141","31141-COLUMBUS TWP A",""
13,71,1183,"PLATTE","Columbus Twp B","31141","31141-COLUMBUS TWP B",""
13,71,1184,"PLATTE","Creston","31141","31141-CRESTON",""
13,71,1185,"PLATTE","Granville","31141","31141-GRANVILLE",""
13,71,1186,"PLATTE","Humphrey","31141","31141-HUMPHREY",""
13,71,1187,"PLATTE","Joliet","31141","31141-JOLIET",""
13,71,1188,"PLATTE","Lost Creek/Burrows","31141","31141-LOST CREEK/BURROWS",""
13,71,1189,"PLATTE","New/Former Resident","31141","",""
13,71,1190,"PLATTE","Oconee/Monroe","31141","31141-OCONEE/MONROE",""
13,71,1191,"PLATTE","Shell Creek","31141","31141-SHELL CREEK",""
13,71,1192,"PLATTE","Sherman/Grand Prairie","31141","31141-SHERMAN/GRAND PRAIRIE",""
13,71,1193,"PLATTE","St Bernard","31141","31141-ST BERNARD",""
13,71,1194,"PLATTE","Walker/Woodville","31141","31141-WALKER/WOODVILLE",""
13,72,1195,"POLK","East Stromsburg","31143","31143-EAST STROMSBURG",""
13,72,1196,"POLK","New/Former Resident","31143","",""
13,72,1197,"POLK","North Osceola","31143","31143-NORTH OSCEOLA",""
13,72,1198,"POLK","South Canada","31143","31143-SOUTH CANADA",""
13,72,1199,"POLK","South Osceola","31143","31143-SOUTH OSCEOLA",""
13,72,1200,"POLK","West Pleasant Home","31143","31143-WEST PLEASANT HOME",""
13,72,1201,"POLK","West Stromsburg","31143","31143-WEST STROMSBURG",""
13,73,1202,"RED WILLOW","Bartley","31145","31145-BARTLEY",""
13,73,1203,"RED WILLOW","Beaver","31145","31145-BEAVER",""
13,73,1204,"RED WILLOW","Indianola","31145","31145-INDIANOLA",""
13,73,1205,"RED WILLOW","New/Former Resident","31145","",""
13,73,1206,"RED WILLOW","Northwest","31145","31145-NORTHWEST",""
13,73,1207,"RED WILLOW","Southwest","31145","31145-SOUTHWEST",""
13,73,1208,"RED WILLOW","Ward 1 Precinct 1","31145","31145-WARD 1 PCT 1",""
13,73,1209,"RED WILLOW","Ward 1 Precinct 2","31145","31145-WARD 1 PCT 2",""
13,73,1210,"RED WILLOW","Ward 1 Precinct 3","31145","31145-WARD 1 PCT 3",""
13,73,1211,"RED WILLOW","Ward 2 Precinct 1","31145","31145-WARD 2 PCT 1",""
13,73,1212,"RED WILLOW","Ward 2 Precinct 2","31145","31145-WARD 2 PCT 2",""
13,73,1213,"RED WILLOW","Ward 3 Precinct 1","31145","31145-WARD 3 PCT 1",""
13,73,1214,"RED WILLOW","Ward 3 Precinct 3","31145","31145-WARD 3 PCT 3",""
13,73,1215,"RED WILLOW","Ward 4 Precinct 1","31145","31145-WARD 4 PCT 1",""
13,74,1216,"RICHARDSON","Arago/Barada","31147","31147-ARAGO/BARADA",""
13,74,1217,"RICHARDSON","East Muddy","31147","31147-EAST MUDDY",""
13,74,1218,"RICHARDSON","FC Ward 1","31147","31147-FALLS CITY 1",""
13,74,1219,"RICHARDSON","FC Ward 2","31147","31147-FALLS CITY 2",""
13,74,1220,"RICHARDSON","FC Ward 3","31147","31147-FALLS CITY 3",""
13,74,1221,"RICHARDSON","FC Ward 4","31147","31147-FALLS CITY 4",""
13,74,1222,"RICHARDSON","FCRural/Ohio","31147","31147-FC RURAL/OHIO",""
13,74,1223,"RICHARDSON","Fran/Hrr/Spi","31147","31147-FRANKLIN/HRR/SPI",""
13,74,1224,"RICHARDSON","Grant Nemaha","31147","31147-GRANT NEMAHA",""
13,74,1225,"RICHARDSON","Humboldt I","31147","31147-HUMBOLDT 1",""
13,74,1226,"RICHARDSON","Humboldt II","31147","31147-HUMBOLDT 2",""
13,74,1227,"RICHARDSON","Jefferson/Rulo","31147","31147-JEFFERSON/RULO",""
13,74,1228,"RICHARDSON","Liberty","31147","31147-LIBERTY",""
13,74,1229,"RICHARDSON","New/Former Resident","31147","",""
13,74,1230,"RICHARDSON","Salem","31147","31147-SALEM",""
13,74,1231,"RICHARDSON","West Muddy/Porter","31147","31147-WEST MUDDY/PORTER",""
13,75,1232,"ROCK","New/Former Resident","31149","",""
13,75,1233,"ROCK","Rock","31149","31149-ROCK",""
13,76,1234,"SALINE","C & B","31151","31151-C & B",""
13,76,1235,"SALINE","Crete 1","31151","31151-CRETE 1",""
13,76,1236,"SALINE","Crete 2","31151","31151-CRETE 2",""
13,76,1237,"SALINE","Crete 3","31151","31151-CRETE 3",""
13,76,1238,"SALINE","DeWitt","31151","31151-DEWITT",""
13,76,1239,"SALINE","Dorchester","31151","31151-DORCHESTER",""
13,76,1240,"SALINE","Friend 1","31151","31151-FRIEND 1",""
13,76,1241,"SALINE","Friend 2","31151","31151-FRIEND 2",""
13,76,1242,"SALINE","New/Former Resident","31151","",""
13,76,1243,"SALINE","Olive","31151","31151-OLIVE",""
13,76,1244,"SALINE","South Fork","31151","31151-SOUTH FORK",""
13,76,1245,"SALINE","Wilber 1","31151","31151-WILBER 1",""
13,76,1246,"SALINE","Wilber 2","31151","31151-WILBER 2",""
13,77,1247,"SARPY","New/Former Resident 1","31153","",""
13,77,1248,"SARPY","New/Former Resident 2","31153","",""
13,77,1249,"SARPY","Precinct 1","31153","31153-01",""
13,77,1250,"SARPY","Precinct 10","31153","31153-10",""
13,77,1251,"SARPY","Precinct 11","31153","31153-11",""
13,77,1252,"SARPY","Precinct 12","31153","31153-12",""
13,77,1253,"SARPY","Precinct 13","31153","31153-13",""
13,77,1254,"SARPY","Precinct 16","31153","31153-16",""
13,77,1255,"SARPY","Precinct 17","31153","31153-17",""
13,77,1256,"SARPY","Precinct 18","31153","31153-18",""
13,77,1257,"SARPY","Precinct 19","31153","31153-19",""
13,77,1258,"SARPY","Precinct 2","31153","31153-02",""
13,77,1259,"SARPY","Precinct 20","31153","31153-20",""
13,77,1260,"SARPY","Precinct 21","31153","31153-21",""
13,77,1261,"SARPY","Precinct 22","31153","31153-22",""
13,77,1262,"SARPY","Precinct 23","31153","31153-23",""
13,77,1263,"SARPY","Precinct 24","31153","31153-24",""
13,77,1264,"SARPY","Precinct 25","31153","31153-25",""
13,77,1265,"SARPY","Precinct 26","31153","31153-26",""
13,77,1266,"SARPY","Precinct 3","31153","31153-03",""
13,77,1267,"SARPY","Precinct 31","31153","31153-31",""
13,77,1268,"SARPY","Precinct 32","31153","31153-32",""
13,77,1269,"SARPY","Precinct 33","31153","31153-33",""
13,77,1270,"SARPY","Precinct 34","31153","31153-34",""
13,77,1271,"SARPY","Precinct 35","31153","31153-35",""
13,77,1272,"SARPY","Precinct 36","31153","31153-36",""
13,77,1273,"SARPY","Precinct 37","31153","31153-37",""
13,77,1274,"SARPY","Precinct 38","31153","31153-38",""
13,77,1275,"SARPY","Precinct 39","31153","31153-39",""
13,77,1276,"SARPY","Precinct 4","31153","31153-04",""
13,77,1277,"SARPY","Precinct 40","31153","31153-40",""
13,77,1278,"SARPY","Precinct 41","31153","31153-41",""
13,77,1279,"SARPY","Precinct 42","31153","31153-42",""
13,77,1280,"SARPY","Precinct 46","31153","31153-46",""
13,77,1281,"SARPY","Precinct 47","31153","31153-47",""
13,77,1282,"SARPY","Precinct 48","31153","31153-48",""
13,77,1283,"SARPY","Precinct 49","31153","31153-49",""
13,77,1284,"SARPY","Precinct 5","31153","31153-05",""
13,77,1285,"SARPY","Precinct 51","31153","31153-51",""
13,77,1286,"SARPY","Precinct 52","31153","31153-52",""
13,77,1287,"SARPY","Precinct 53","31153","31153-53",""
13,77,1288,"SARPY","Precinct 54","31153","31153-54",""
13,77,1289,"SARPY","Precinct 55","31153","31153-55",""
13,77,1290,"SARPY","Precinct 56","31153","31153-56",""
13,77,1291,"SARPY","Precinct 57","31153","31153-57",""
13,77,1292,"SARPY","Precinct 58","31153","31153-58",""
13,77,1293,"SARPY","Precinct 59","31153","31153-59",""
13,77,1294,"SARPY","Precinct 6","31153","31153-06",""
13,77,1295,"SARPY","Precinct 60","31153","31153-60",""
13,77,1296,"SARPY","Precinct 61","31153","31153-61",""
13,77,1297,"SARPY","Precinct 62","31153","31153-62",""
13,77,1298,"SARPY","Precinct 7","31153","31153-07",""
13,77,1299,"SARPY","Precinct 8","31153","31153-08",""
13,77,1300,"SARPY","Precinct 9","31153","31153-09",""
13,78,1301,"SAUNDERS","Ashland Rural","31155","31155-ASHLAND RURAL",""
13,78,1302,"SAUNDERS","Ashland Ward 1","31155","31155-ASHLAND WARD 1",""
13,78,1303,"SAUNDERS","Ashland Ward 2","31155","31155-ASHLAND WARD 2",""
13,78,1304,"SAUNDERS","Cedar Bluffs","31155","31155-CEDAR BLUFFS",""
13,78,1305,"SAUNDERS","Center","31155","31155-CENTER",""
13,78,1306,"SAUNDERS","Ceresco","31155","31155-CERESCO",""
13,78,1307,"SAUNDERS","District 4","31155","31155-DIST 4",""
13,78,1308,"SAUNDERS","Malmo","31155","31155-MALMO",""
13,78,1309,"SAUNDERS","Marietta","31155","31155-MARIETTA",""
13,78,1310,"SAUNDERS","New/Former Resident","31155","",""
13,78,1311,"SAUNDERS","Prague","31155","31155-PRAGUE",""
13,78,1312,"SAUNDERS","Valparaiso","31155","31155-VALPARAISO",""
13,78,1313,"SAUNDERS","Wahoo Rural","31155","31155-WAHOO RURAL",""
13,78,1314,"SAUNDERS","Wahoo Ward I","31155","31155-WAHOO WARD 1",""
13,78,1315,"SAUNDERS","Wahoo Ward II","31155","31155-WAHOO WARD 2",""
13,78,1316,"SAUNDERS","Wahoo Ward III","31155","31155-WAHOO WARD 3",""
13,78,1317,"SAUNDERS","Weston","31155","31155-WESTON",""
13,78,1318,"SAUNDERS","Yutan","31155","31155-YUTAN-CITY",""
13,79,1319,"SCOTTS BLUFF","Castle Rock A","31157","31157-CASTLE ROCK A",""
13,79,1320,"SCOTTS BLUFF","Castle Rock B","31157","31157-CASTLE ROCK B",""
13,79,1321,"SCOTTS BLUFF","Dewey-Tabor","31157","31157-DEWEY/TABOR",""
13,79,1322,"SCOTTS BLUFF","East Winter Creek","31157","31157-EAST WINTER CREEK",""
13,79,1323,"SCOTTS BLUFF","Fanning","31157","31157-FANNING",""
13,79,1324,"SCOTTS BLUFF","Ford A & B","31157","31157-FORD A & B",""
13,79,1325,"SCOTTS BLUFF","Funston","31157","31157-FUNSTON",""
13,79,1326,"SCOTTS BLUFF","Gering (Rural)","31157","31157-GERING (RURAL)",""
13,79,1327,"SCOTTS BLUFF","Gering I","31157","31157-GERING 1",""
13,79,1328,"SCOTTS BLUFF","Gering II","31157","31157-GERING 2",""
13,79,1329,"SCOTTS BLUFF","Gering III","31157","31157-GERING 3",""
13,79,1330,"SCOTTS BLUFF","Gering IV","31157","31157-GERING 4",""
13,79,1331,"SCOTTS BLUFF","Highland","31157","31157-HIGHLAND",""
13,79,1332,"SCOTTS BLUFF","Kiowa-Lyman","31157","31157-KIOWA/LYMAN",""
13,79,1333,"SCOTTS BLUFF","Minatare I & II","31157","31157-MINATARE 1 & 2",""
13,79,1334,"SCOTTS BLUFF","Mitchell (Rural)","31157","31157-MITCHELL (RURAL)",""
13,79,1335,"SCOTTS BLUFF","Mitchell I","31157","31157-MITCHELL 1",""
13,79,1336,"SCOTTS BLUFF","Mitchell II","31157","31157-MITCHELL 2",""
13,79,1337,"SCOTTS BLUFF","Morrill","31157","31157-MORRILL",""
13,79,1338,"SCOTTS BLUFF","New/Former Resident","31157","",""
13,79,1339,"SCOTTS BLUFF","Roubadeau","31157","31157-ROUBADEAU",""
13,79,1340,"SCOTTS BLUFF","Scottsbluff 1","31157","31157-SCOTTSBLUFF 1",""
13,79,1341,"SCOTTS BLUFF","Scottsbluff 2","31157","31157-SCOTTSBLUFF 2",""
13,79,1342,"SCOTTS BLUFF","Scottsbluff 3","31157","31157-SCOTTSBLUFF 3",""
13,79,1343,"SCOTTS BLUFF","Scottsbluff 4","31157","31157-SCOTTSBLUFF 4",""
13,79,1344,"SCOTTS BLUFF","Scottsbluff 5","31157","31157-SCOTTSBLUFF 5",""
13,79,1345,"SCOTTS BLUFF","Scottsbluff 6","31157","31157-SCOTTSBLUFF 6",""
13,79,1346,"SCOTTS BLUFF","Scottsbluff 7","31157","31157-SCOTTSBLUFF 7",""
13,79,1347,"SCOTTS BLUFF","Scottsbluff 8","31157","31157-SCOTTSBLUFF 8",""
13,79,1348,"SCOTTS BLUFF","Terrytown I & II","31157","31157-TERRYTOWN",""
13,79,1349,"SCOTTS BLUFF","West Winter Creek","31157","31157-WEST WINTER CREEK",""
13,80,1350,"SEWARD","B","31159","31159-B PCT-BEE",""
13,80,1351,"SEWARD","C","31159","31159-C PCT-STAPLEHURST",""
13,80,1352,"SEWARD","E","31159","31159-E PCT-UTICA",""
13,80,1353,"SEWARD","G","31159","31159-G PCT",""
13,80,1354,"SEWARD","H","31159","31159-H PCT-GARLAND",""
13,80,1355,"SEWARD","I","31159","31159-I PCT-PLEASANT DALE",""
13,80,1356,"SEWARD","J","31159","31159-J PCT-RUBY",""
13,80,1357,"SEWARD","K","31159","31159-K PCT-GOEHNER",""
13,80,1358,"SEWARD","M-BX","31159","31159-M-BX PCT-BEAVER CROSSING",""
13,80,1359,"SEWARD","M-CO","31159","31159-M-CO PCT-CORDOVA",""
13,80,1360,"SEWARD","New/Former Resident","31159","",""
13,80,1361,"SEWARD","O-1","31159","31159-O-1 MILFORD",""
13,80,1362,"SEWARD","O-2","31159","31159-O-2 MILFORD",""
13,80,1363,"SEWARD","S-1","31159","31159-SEWARD WARD 1",""
13,80,1364,"SEWARD","S-2","31159","31159-SEWARD WARD 2",""
13,80,1365,"SEWARD","S-3","31159","31159-SEWARD WARD 3",""
13,80,1366,"SEWARD","S-4","31159","31159-SEWARD WARD 4",""
13,81,1367,"SHERIDAN","East Gordon","31161","31161-EAST GORDON",""
13,81,1368,"SHERIDAN","HaySprings","31161","31161-HAY SPRINGS",""
13,81,1369,"SHERIDAN","Mirage Flats","31161","31161-MIRAGE FLATS",""
13,81,1370,"SHERIDAN","New/Former Resident","31161","",""
13,81,1371,"SHERIDAN","North Rushville","31161","31161-NORTH RUSHVILLE",""
13,81,1372,"SHERIDAN","South Rushville","31161","31161-SOUTH RUSHVILLE",""
13,81,1373,"SHERIDAN","South Sheridan","31161","31161-SOUTH SHERIDAN",""
13,81,1374,"SHERIDAN","West Gordon","31161","31161-WEST GORDON",""
13,81,1375,"SHERIDAN","Wounded Knee","31161","31161-WOUNDED KNEE",""
13,82,1376,"SHERMAN","Ashton","31163","31163-ASHTON",""
13,82,1377,"SHERMAN","Central LC","31163","31163-CENTRAL LC",""
13,82,1378,"SHERMAN","Harrison","31163","31163-HARRISON",""
13,82,1379,"SHERMAN","New/Former Resident","31163","",""
13,82,1380,"SHERMAN","North LC","31163","31163-NORTH LC",""
13,82,1381,"SHERMAN","Rockville","31163","31163-ROCKVILLE",""
13,82,1382,"SHERMAN","South LC","31163","31163-SOUTH LC",""
13,83,1383,"SIOUX","Bowen","31165","31165-BOWEN",""
13,83,1384,"SIOUX","New/Former Resident","31165","",""
13,83,1385,"SIOUX","Sheep Creek","31165","31165-SHEEP C",""
13,84,1386,"STANTON","Butterfly","31167","31167-BUTTERFLY",""
13,84,1387,"STANTON","Dewey","31167","31167-DEWEY",""
13,84,1388,"STANTON","Dimick","31167","31167-DIMICK",""
13,84,1389,"STANTON","Elkhorn","31167","31167-ELKHORN",""
13,84,1390,"STANTON","Haymow","31167","31167-HAYMOW",""
13,84,1391,"STANTON","Kingsburg","31167","31167-KINGSBURG",""
13,84,1392,"STANTON","Maple Creek","31167","31167-MAPLE CREEK",""
13,84,1393,"STANTON","New/Former Resident","31167","",""
13,84,1394,"STANTON","Pilger","31167","31167-PILGER",""
13,84,1395,"STANTON","Ramshorn","31167","31167-RAMSHORN",""
13,84,1396,"STANTON","Spr Br2","31167","31167-SPR BR II",""
13,84,1397,"STANTON","Spring Branch","31167","31167-SPRING BRANCH",""
13,84,1398,"STANTON","Stanton A","31167","31167-STANTON A",""
13,84,1399,"STANTON","Stanton B","31167","31167-STANTON B",""
13,84,1400,"STANTON","Stanton C","31167","31167-STANTON C",""
13,84,1401,"STANTON","Union Creek","31167","31167-UNION CREEK",""
13,85,1402,"THAYER","Alex/Gilead","31169","31169-ALEX/GILEAD",""
13,85,1403,"THAYER","Bruning/Belvidere","31169","31169-BRUNING/BELVIDERE",""
13,85,1404,"THAYER","Chester/Byron/Hubbell","31169","31169-CHESTER/BYRON/HUBBELL",""
13,85,1405,"THAYER","Davenport/Carleton","31169","31169-DAVENPORT/CARLETON",""
13,85,1406,"THAYER","Deshler","31169","31169-DESHLER",""
13,85,1407,"THAYER","Hebron North","31169","31169-HEBRON NORTH",""
13,85,1408,"THAYER","Hebron South","31169","31169-HEBRON SOUTH",""
13,85,1409,"THAYER","New/Former Resident","31169","",""
13,86,1410,"THOMAS","New/Former Resident","31171","",""
13,86,1411,"THOMAS","Thomas","31171","31171-THOMAS",""
13,87,1412,"THURSTON","Anderson/Blackbird","31173","31173-ANDERSON/BLACKBIRD",""
13,87,1413,"THURSTON","Bryan","31173","31173-BRYAN",""
13,87,1414,"THURSTON","Dawes","31173","31173-DAWES",""
13,87,1415,"THURSTON","Flournoy/Merry","31173","31173-FLOURNOY/MERRY",""
13,87,1416,"THURSTON","New/Former Resident","31173","",""
13,87,1417,"THURSTON","Omaha","31173","31173-OMAHA",""
13,87,1418,"THURSTON","Pender","31173","31173-PENDER",""
13,87,1419,"THURSTON","Perry","31173","31173-PERRY",""
13,87,1420,"THURSTON","Thayer","31173","31173-THAYER",""
13,87,1421,"THURSTON","Winnebago","31173","31173-WINNEBAGO",""
13,88,1422,"VALLEY","New/Former Resident","31175","",""
13,88,1423,"VALLEY","Precinct 1","31175","31175-1",""
13,88,1424,"VALLEY","Precinct 2","31175","31175-2",""
13,88,1425,"VALLEY","Precinct 3","31175","31175-3",""
13,88,1426,"VALLEY","Precinct 4","31175","31175-4",""
13,88,1427,"VALLEY","Precinct 5","31175","31175-5",""
13,88,1428,"VALLEY","Precinct 6","31175","31175-6",""
13,88,1429,"VALLEY","Precinct 7","31175","31175-7",""
13,89,1430,"WASHINGTON","Arbor","31177","31177-ARBOR",""
13,89,1431,"WASHINGTON","Arlington","31177","31177-ARLINGTON",""
13,89,1432,"WASHINGTON","Central","31177","31177-CENTRAL",""
13,89,1433,"WASHINGTON","Cuming City","31177","31177-CUMING CITY",""
13,89,1434,"WASHINGTON","Dana","31177","31177-DANA",""
13,89,1435,"WASHINGTON","Desoto","31177","31177-DESOTO",""
13,89,1436,"WASHINGTON","Fontanelle","31177","31177-FONTANELLE",""
13,89,1437,"WASHINGTON","Ft Calhoun East","31177","31177-FORT CALHOUN EAST",""
13,89,1438,"WASHINGTON","Ft Calhoun West","31177","31177-FORT CALHOUN WEST",""
13,89,1439,"WASHINGTON","Herman","31177","31177-HERMAN",""
13,89,1440,"WASHINGTON","Kennard","31177","31177-KENNARD",""
13,89,1441,"WASHINGTON","Lakeland","31177","31177-LAKELAND",""
13,89,1442,"WASHINGTON","New/Former Resident","31177","",""
13,89,1443,"WASHINGTON","Northview","31177","31177-NORTHVIEW",""
13,89,1444,"WASHINGTON","Skyline","31177","31177-SKYLINE",""
13,89,1445,"WASHINGTON","Washington","31177","31177-WASHINGTON",""
13,90,1446,"WAYNE","Brenna/Plum Creek/Hunter","31179","31179-BRENNA/PLUM CREEK/HUNTER",""
13,90,1447,"WAYNE","Chapin/Hancock/Winside","31179","31179-CHAPIN/HANCOCK/WINSIDE",""
13,90,1448,"WAYNE","Deer Creek/Sherman","31179","31179-DEER CREEK/SHERMAN",""
13,90,1449,"WAYNE","First Ward","31179","31179-1ST WARD",""
13,90,1450,"WAYNE","Fourth Ward","31179","31179-4TH WARD",""
13,90,1451,"WAYNE","Hoskins/Garfield","31179","31179-HOSKINS/GARFIELD",""
13,90,1452,"WAYNE","Logan/Leslie","31179","31179-LOGAN/LESLIE",""
13,90,1453,"WAYNE","New/Former Resident","31179","",""
13,90,1454,"WAYNE","Second Ward","31179","31179-2ND WARD",""
13,90,1455,"WAYNE","Strahan/Wilbur","31179","31179-STRAHAN/WILBUR",""
13,90,1456,"WAYNE","Third Ward","31179","31179-3RD WARD",""
13,91,1457,"WEBSTER","Bladen","31181","31181-BLADEN VILLAGE & RURAL NW",""
13,91,1458,"WEBSTER","Blue Hill","31181","31181-BH CITY & RURAL NE",""
13,91,1459,"WEBSTER","Guide Rock","31181","31181-GUIDE ROCK VILLAGE & RURAL",""
13,91,1460,"WEBSTER","New/Former Resident","31181","",""
13,91,1461,"WEBSTER","Red Cloud 1st","31181","31181-RC CITY & RURAL CENTRAL CO",""
13,91,1462,"WEBSTER","Red Cloud 2nd","31181","31181-RC CITY & RURAL SW",""
13,92,1463,"WHEELER","Bartlett","31183","31183-BARTLETT",""
13,92,1464,"WHEELER","Ericson","31183","31183-ERICSON",""
13,92,1465,"WHEELER","New/Former Resident","31183","",""
13,93,1466,"YORK","Brown-Henderson","31185","31185-BROWN/HENDERSON",""
13,93,1467,"YORK","Hays-McFadden","31185","31185-HAYS/MCFADDEN",""
13,93,1468,"YORK","LeRoy-Baker","31185","31185-LEROY/BAKER",""
13,93,1469,"YORK","MABL","31185","31185-MORTON/ARBORVILLE/BRADSHAW/LOC",""
13,93,1470,"YORK","New York-Waco-Beaver-West Blue","31185","31185-NEW YORK/WACO/BEAVER/WEST BLUE",""
13,93,1471,"YORK","New/Former Resident","31185","",""
13,93,1472,"YORK","Stewart-Thayer","31185","31185-STEWART/THAYER",""
13,93,1473,"YORK","Ward 1","31185","31185-WARD 1A",""
13,93,1474,"YORK","Ward 2A","31185","31185-WARD 2A",""
13,93,1475,"YORK","Ward 2B","31185","31185-WARD 2B",""
13,93,1476,"YORK","Ward 3","31185","31185-WARD 3",""
13,93,1477,"YORK","Ward 4A","31185","31185-WARD 4A",""
13,93,1478,"YORK","Ward 4B","31185","31185-WARD 4B",""
